绕组温度,油温,油中气体含量,绝缘电阻,局部放电量,绕组温度_minmax,绕组温度_zscore,绕组温度_decimal,油温_minmax,油温_zscore,油温_decimal,油中气体含量_minmax,油中气体含量_zscore,油中气体含量_decimal,绝缘电阻_minmax,绝缘电阻_zscore,绝缘电阻_decimal,局部放电量_minmax,局部放电量_zscore,局部放电量_decimal
58.143873,52.272184,41.416896,85936893.124279,-28.710819,0.171548,-0.418315,0.058144,0.282041,-1.072524,0.522722,0.342597,-0.868391,0.414169,0.733775,1.265705,0.085937,0.104666,-0.832631,-0.287108
53.111915,55.125042,45.741867,69511943.107806,-7.355796,0.118346,-0.772893,0.053112,0.367596,-0.637947,0.551250,0.427563,-0.410371,0.457419,0.447013,-0.264057,0.069512,0.257368,0.186845,-0.073558
61.000540,56.112262,50.094377,52359269.690565,7.223966,0.201751,-0.217019,0.061001,0.397202,-0.487563,0.561123,0.513070,0.050567,0.500944,0.147545,-1.861598,0.052359,0.361622,0.882874,0.072240
77.726933,59.206911,57.402044,76992500.039037,-21.542678,0.378595,0.961612,0.077727,0.490008,-0.016153,0.592069,0.656632,0.824459,0.574020,0.577615,0.432656,0.076993,0.155923,-0.490428,-0.215427
58.486944,52.044944,46.075508,79671827.076223,-24.356939,0.175175,-0.394140,0.058487,0.275226,-1.107140,0.520449,0.434118,-0.375037,0.460755,0.624393,0.682199,0.079672,0.135799,-0.624779,-0.243569
67.541703,63.378255,49.423032,67422606.321679,-8.807810,0.270909,0.243906,0.067542,0.615103,0.619271,0.633783,0.499881,-0.020530,0.494230,0.410535,-0.458651,0.067423,0.246985,0.117527,-0.088078
56.783260,56.489470,50.094377,96648527.614598,-28.747725,0.157162,-0.514191,0.056783,0.408514,-0.430102,0.564895,0.513070,0.050567,0.500944,0.920789,2.263350,0.096649,0.104402,-0.834393,-0.287477
60.933635,49.654364,51.755246,71216817.557595,-18.440600,0.201043,-0.221733,0.060934,0.203535,-1.471299,0.496544,0.545698,0.226455,0.517552,0.476778,-0.105271,0.071217,0.178105,-0.342337,-0.184406
62.389040,50.819349,54.860441,74781273.912187,-19.800575,0.216431,-0.119178,0.062389,0.238472,-1.293836,0.508193,0.606701,0.555300,0.548604,0.539010,0.226710,0.074781,0.168380,-0.407261,-0.198006
48.863087,50.100184,35.855209,96665483.462937,-14.136303,0.073424,-1.072288,0.048863,0.216905,-1.403387,0.501002,0.233336,-1.457382,0.358552,0.921085,2.264929,0.096665,0.208883,-0.136852,-0.141363
56.326772,57.117175,50.094377,74646053.420980,-13.025175,0.152336,-0.546357,0.056327,0.427338,-0.334483,0.571172,0.513070,0.050567,0.500944,0.536649,0.214116,0.074646,0.216828,-0.083808,-0.130252
78.409520,67.940256,41.979080,79306585.160042,-31.306634,0.385812,1.009711,0.078410,0.751914,1.314204,0.679403,0.353642,-0.808855,0.419791,0.618017,0.648182,0.079307,0.086105,-0.956553,-0.313066
50.477331,52.541420,39.689143,78701659.146391,-32.307421,0.090491,-0.958540,0.050477,0.290115,-1.031511,0.525414,0.308655,-1.051363,0.396891,0.607455,0.591841,0.078702,0.078948,-1.004330,-0.323074
68.480055,66.305807,53.370443,50911531.625871,-0.841160,0.280830,0.310028,0.068480,0.702898,1.065227,0.663058,0.577429,0.397507,0.533704,0.122269,-1.996435,0.050912,0.303951,0.497850,-0.008412
63.031241,51.891536,50.094377,71269071.394267,-16.231646,0.223221,-0.073925,0.063031,0.270626,-1.130509,0.518915,0.513070,0.050567,0.500944,0.477690,-0.100404,0.071269,0.193900,-0.236883,-0.162316
136.500897,65.267703,49.095091,69685773.844540,-14.136303,1.000000,5.103138,0.136501,0.671766,0.907092,0.652677,0.493438,-0.055259,0.490951,0.450048,-0.247867,0.069686,0.208883,-0.136852,-0.141363
55.633656,63.523942,39.295378,92383424.011736,-21.734674,0.145008,-0.595198,0.055634,0.619472,0.641464,0.635239,0.300919,-1.093063,0.392954,0.846324,1.866113,0.092383,0.154550,-0.499594,-0.217347
60.687034,49.530628,70.909236,56927742.546856,0.466473,0.198436,-0.239110,0.060687,0.199824,-1.490147,0.495306,0.921986,2.254891,0.709092,0.227306,-1.436106,0.056928,0.313301,0.560276,0.004665
63.711099,57.509549,54.972652,63790160.401354,8.468187,0.230409,-0.026018,0.063711,0.439105,-0.274713,0.575095,0.608905,0.567183,0.549727,0.347117,-0.796964,0.063790,0.370519,0.942273,0.084682
67.890241,65.137458,43.487582,71008989.691752,-14.136303,0.274594,0.268466,0.067890,0.667860,0.887252,0.651375,0.383277,-0.649103,0.434876,0.473150,-0.124628,0.071009,0.208883,-0.136852,-0.141363
62.389040,69.408032,50.094377,59164176.693085,-9.820235,0.216431,-0.119178,0.062389,0.795931,1.537791,0.694080,0.513070,0.050567,0.500944,0.266352,-1.227812,0.059164,0.239745,0.069194,-0.098202
70.332615,68.197090,55.122928,60891337.517004,-2.222918,0.300417,0.440569,0.070333,0.759616,1.353328,0.681971,0.611858,0.583098,0.551229,0.296506,-1.066950,0.060891,0.294071,0.431886,-0.022229
62.389040,59.206911,61.325337,59685370.248731,1.315100,0.216431,-0.119178,0.062389,0.490008,-0.016153,0.592069,0.733706,1.239942,0.613253,0.275451,-1.179270,0.059685,0.319370,0.600789,0.013151
62.315798,59.206911,43.078268,81314845.960982,-16.951197,0.215657,-0.124339,0.062316,0.490008,-0.016153,0.592069,0.375236,-0.692450,0.430783,0.653079,0.835224,0.081315,0.188755,-0.271233,-0.169512
69.144687,61.597866,58.392116,57992425.762246,-1.603622,0.287857,0.356861,0.069145,0.561711,0.348063,0.615979,0.676082,0.929310,0.583921,0.245894,-1.336945,0.057992,0.298499,0.461451,-0.016036
69.293811,70.207088,40.555825,72465071.042216,-14.136303,0.289434,0.367369,0.069294,0.819894,1.659512,0.702071,0.325681,-0.959580,0.405558,0.498571,0.010987,0.072465,0.208883,-0.136852,-0.141363
60.115428,59.206911,46.498529,63726896.735637,-13.615243,0.192393,-0.279388,0.060115,0.490008,-0.016153,0.592069,0.442428,-0.330239,0.464985,0.346012,-0.802856,0.063727,0.212609,-0.111977,-0.136152
59.655894,60.123122,31.811031,84886525.287514,-14.957147,0.187534,-0.311770,0.059656,0.517484,0.123415,0.601231,0.153886,-1.885667,0.318110,0.715437,1.167878,0.084887,0.203013,-0.176039,-0.149571
58.862291,66.313351,48.471775,70387697.815863,-10.677907,0.179143,-0.367691,0.058862,0.703124,1.066376,0.663134,0.481193,-0.121269,0.484718,0.462303,-0.182492,0.070388,0.233612,0.028250,-0.106779
61.403182,53.233834,40.266008,77046432.696745,-21.278758,0.206008,-0.188646,0.061403,0.310880,-0.926036,0.532338,0.319988,-0.990272,0.402660,0.578557,0.437679,0.077046,0.157810,-0.477829,-0.212788
58.797999,66.851753,60.730562,66968762.170775,-7.846521,0.178464,-0.372221,0.058798,0.719270,1.148392,0.668518,0.722022,1.176954,0.607306,0.402612,-0.500920,0.066969,0.253859,0.163418,-0.078465
60.995732,53.669572,50.094377,85982000.059417,-28.669955,0.201700,-0.217357,0.060996,0.323948,-0.859659,0.536696,0.513070,0.050567,0.500944,0.734562,1.269907,0.085982,0.104958,-0.830680,-0.286700
67.920294,69.694305,51.969993,63894450.613654,-11.697003,0.274912,0.270584,0.067920,0.804516,1.581399,0.696943,0.549917,0.249197,0.519700,0.348937,-0.787251,0.063894,0.226325,-0.020401,-0.116970
62.389040,50.721948,60.131189,70409922.063288,-12.766062,0.216431,-0.119178,0.062389,0.235551,-1.308673,0.507219,0.710247,1.113480,0.601312,0.462691,-0.180423,0.070410,0.218681,-0.071438,-0.127661
65.488163,66.314228,50.094377,68535350.550314,-17.563812,0.249197,0.099203,0.065488,0.703151,1.066510,0.663142,0.513070,0.050567,0.500944,0.429963,-0.355014,0.068535,0.184374,-0.300479,-0.175638
68.130552,59.214302,56.709818,71966461.287331,-13.705638,0.277135,0.285400,0.068131,0.490230,-0.015027,0.592143,0.643033,0.751152,0.567098,0.489866,-0.035452,0.071966,0.211962,-0.116292,-0.137056
58.321089,57.112598,32.563485,97694681.878321,-31.958339,0.173421,-0.405827,0.058321,0.427201,-0.335181,0.571126,0.168669,-1.805981,0.325635,0.939053,2.360785,0.097695,0.081445,-0.987665,-0.319583
64.078912,62.734156,49.595993,67347191.831100,-8.562571,0.234298,-0.000100,0.064079,0.595787,0.521155,0.627342,0.503279,-0.002213,0.495960,0.409219,-0.465675,0.067347,0.248738,0.129234,-0.085626
62.140449,60.743404,50.094377,100389739.804183,-32.763257,0.213803,-0.136695,0.062140,0.536086,0.217902,0.607434,0.513070,0.050567,0.500944,0.986106,2.611793,0.100390,0.075689,-1.026092,-0.327633
74.220030,67.913565,46.716483,72343930.300087,-9.114347,0.341518,0.714497,0.074220,0.751113,1.310138,0.679136,0.446710,-0.307157,0.467165,0.496456,-0.000296,0.072344,0.244793,0.102893,-0.091143
70.271538,58.541351,55.330434,64695653.346882,-0.500686,0.299771,0.436265,0.070272,0.470048,-0.117538,0.585414,0.615934,0.605073,0.553304,0.362926,-0.712630,0.064696,0.306386,0.514104,-0.005007
55.011392,64.551996,50.287551,73257314.734642,-8.959048,0.138429,-0.639046,0.055011,0.650303,0.798068,0.645520,0.516865,0.071024,0.502876,0.512403,0.084774,0.073257,0.245903,0.110307,-0.089590
63.476222,53.259694,60.519080,57076361.038753,-0.465650,0.227926,-0.042569,0.063476,0.311656,-0.922096,0.532597,0.717867,1.154558,0.605191,0.229901,-1.422264,0.057076,0.306636,0.515777,-0.004657
63.829077,55.447692,39.077271,86343427.848029,-21.036672,0.231656,-0.017705,0.063829,0.377272,-0.588797,0.554477,0.296634,-1.116161,0.390773,0.740873,1.303569,0.086343,0.159541,-0.466272,-0.210367
57.410747,57.695746,53.975568,69008499.359369,-7.878057,0.163797,-0.469975,0.057411,0.444689,-0.246349,0.576957,0.589317,0.461591,0.539756,0.438223,-0.310946,0.069008,0.253633,0.161913,-0.078781
67.629069,53.084296,34.469615,71966461.287331,-10.002658,0.271833,0.250063,0.067629,0.306396,-0.948815,0.530843,0.206115,-1.604119,0.344696,0.489866,-0.035452,0.071966,0.238441,0.060486,-0.100027
76.150817,60.995795,37.154420,79903216.291842,-24.048545,0.361931,0.850550,0.076151,0.543655,0.256349,0.609958,0.258859,-1.319794,0.371544,0.628433,0.703750,0.079903,0.138004,-0.610057,-0.240485
62.389040,58.181241,36.988019,90479516.970495,-14.136303,0.216431,-0.119178,0.062389,0.459249,-0.172394,0.581812,0.255590,-1.337416,0.369880,0.813084,1.688790,0.090480,0.208883,-0.136852,-0.141363
45.321597,59.206911,55.725072,60235563.137448,-14.136303,0.035981,-1.321840,0.045322,0.490008,-0.016153,0.592069,0.623687,0.646866,0.557251,0.285057,-1.128027,0.060236,0.208883,-0.136852,-0.141363
55.241454,57.515566,62.772179,58232121.446975,-6.216383,0.140861,-0.622834,0.055241,0.439286,-0.273796,0.575156,0.762130,1.393165,0.627722,0.250079,-1.314621,0.058232,0.265515,0.241240,-0.062164
64.411248,68.582404,45.827414,77772213.187865,-33.445047,0.237811,0.023318,0.064411,0.771171,1.412023,0.685824,0.429244,-0.401311,0.458274,0.591228,0.505276,0.077772,0.070814,-1.058640,-0.334450
68.559698,58.462103,58.737962,70915463.514807,-19.950807,0.281672,0.315640,0.068560,0.467672,-0.129610,0.584621,0.682876,0.965935,0.587380,0.471517,-0.133338,0.070915,0.167306,-0.414433,-0.199508
53.335243,52.193008,60.625581,67219761.152265,4.912811,0.120707,-0.757156,0.053335,0.279667,-1.084585,0.521930,0.719959,1.165837,0.606256,0.406994,-0.477543,0.067220,0.345095,0.772541,0.049128
69.325051,67.360213,62.205673,69077947.161564,-1.237175,0.289764,0.369571,0.069325,0.734519,1.225845,0.673602,0.751001,1.333171,0.622057,0.439436,-0.304478,0.069078,0.301119,0.478945,-0.012372
70.954038,54.127423,69.028387,54204033.646691,-6.174115,0.306987,0.484358,0.070954,0.337678,-0.789914,0.541274,0.885036,2.055706,0.690284,0.179753,-1.689783,0.054204,0.265817,0.243258,-0.061741
62.389040,55.501521,55.987676,53964814.232459,-19.408716,0.216431,-0.119178,0.062389,0.378886,-0.580597,0.555015,0.628846,0.674676,0.559877,0.175577,-1.712063,0.053965,0.171182,-0.388554,-0.194087
45.728185,53.816544,38.463571,80087603.939038,-26.813753,0.040279,-1.293190,0.045728,0.328355,-0.837271,0.538165,0.284578,-1.181153,0.384636,0.631653,0.720923,0.080088,0.118231,-0.742066,-0.268138
62.373375,55.648554,50.094377,76208657.040307,-27.488818,0.216265,-0.120281,0.062373,0.383296,-0.558200,0.556486,0.513070,0.050567,0.500944,0.563930,0.359651,0.076209,0.113404,-0.774293,-0.274888
71.853800,55.413629,37.254331,90604812.521699,-29.916633,0.316500,0.547760,0.071854,0.376250,-0.593986,0.554136,0.260822,-1.309213,0.372543,0.815272,1.700459,0.090605,0.096044,-0.890196,-0.299166
64.564366,49.398983,67.963448,52692805.880033,-3.175792,0.239430,0.034107,0.064564,0.195876,-1.510201,0.493990,0.864115,1.942928,0.679634,0.153369,-1.830533,0.052693,0.287257,0.386396,-0.031758
65.527692,65.956833,32.125364,86725281.163150,-28.072266,0.249615,0.101989,0.065528,0.692433,1.012068,0.659568,0.160061,-1.852378,0.321254,0.747539,1.339133,0.086725,0.109232,-0.802147,-0.280723
56.011341,62.923689,47.433975,74249170.554275,-7.878911,0.149001,-0.568584,0.056011,0.601471,0.550027,0.629237,0.460805,-0.231174,0.474340,0.529720,0.177152,0.074249,0.253627,0.161872,-0.078789
56.865855,57.960819,57.081126,67950333.293102,-21.951092,0.158036,-0.508370,0.056866,0.452639,-0.205971,0.579608,0.650327,0.790474,0.570811,0.419749,-0.409500,0.067950,0.153002,-0.509925,-0.219511
62.389040,72.186561,56.809645,71966461.287331,-14.136303,0.216431,-0.119178,0.062389,0.879257,1.961046,0.721866,0.644994,0.761723,0.568096,0.489866,-0.035452,0.071966,0.208883,-0.136852,-0.141363
64.786343,59.206911,53.906481,60981004.189292,-18.749868,0.241777,0.049749,0.064786,0.490008,-0.016153,0.592069,0.587960,0.454274,0.539065,0.298072,-1.058599,0.060981,0.175893,-0.357101,-0.187499
78.825691,54.304584,54.555427,68811347.669649,-16.976825,0.390212,1.039036,0.078826,0.342991,-0.762927,0.543046,0.600709,0.522998,0.545554,0.434781,-0.329308,0.068811,0.188571,-0.272457,-0.169768
61.041168,54.223656,64.477398,52769766.032313,-2.135654,0.202180,-0.214156,0.061041,0.340564,-0.775255,0.542237,0.795630,1.573750,0.644774,0.154712,-1.823365,0.052770,0.294695,0.436052,-0.021357
55.668038,60.228028,53.132665,64555770.986126,6.429015,0.145371,-0.592775,0.055668,0.520630,0.139395,0.602280,0.572758,0.372326,0.531327,0.360483,-0.725658,0.064556,0.355937,0.844924,0.064290
62.454937,60.628276,48.069298,76813958.540384,-26.364012,0.217128,-0.114534,0.062455,0.532633,0.200365,0.606283,0.473286,-0.163892,0.480693,0.574498,0.416027,0.076814,0.121447,-0.720596,-0.263640
74.088735,61.877309,50.430570,68603894.715533,-14.136303,0.340129,0.705245,0.074089,0.570091,0.390631,0.618773,0.519674,0.086170,0.504306,0.431159,-0.348630,0.068604,0.208883,-0.136852,-0.141363
62.771715,61.006011,41.181429,72939288.049428,-20.121894,0.220477,-0.092212,0.062772,0.543961,0.257906,0.610060,0.337971,-0.893328,0.411814,0.506851,0.055154,0.072939,0.166082,-0.422601,-0.201219
55.071131,50.373131,46.850215,78190863.577676,-18.059746,0.139060,-0.634836,0.055071,0.225090,-1.361808,0.503731,0.449337,-0.292995,0.468502,0.598537,0.544267,0.078191,0.180828,-0.324155,-0.180597
56.811637,50.299807,44.092176,73317888.968992,96.500157,0.157462,-0.512191,0.056812,0.222891,-1.372978,0.502998,0.395154,-0.585075,0.440922,0.513461,0.090415,0.073318,1.000000,5.144866,0.965002
69.524867,73.689245,34.964334,96797483.634689,-27.448532,0.291877,0.383651,0.069525,0.924321,2.189951,0.736892,0.215834,-1.551727,0.349643,0.923389,2.277223,0.096797,0.113692,-0.772370,-0.274485
45.427808,59.830992,44.853103,76634275.575069,-16.930615,0.037103,-1.314356,0.045428,0.508724,0.078914,0.598310,0.410103,-0.504492,0.448531,0.571361,0.399292,0.076634,0.188902,-0.270251,-0.169306
74.321186,62.709927,56.648642,71111038.558941,-5.171510,0.342587,0.721625,0.074321,0.595060,0.517464,0.627099,0.641831,0.744673,0.566486,0.474931,-0.115123,0.071111,0.272986,0.291122,-0.051715
54.669805,59.206911,54.158970,65128127.484971,-12.595151,0.134817,-0.663116,0.054670,0.490008,-0.016153,0.592069,0.592920,0.481013,0.541590,0.370476,-0.672351,0.065128,0.219903,-0.063278,-0.125952
75.806177,59.332717,52.694110,76014878.850935,-13.038558,0.358288,0.826265,0.075806,0.493781,0.003012,0.593327,0.564143,0.325882,0.526941,0.560547,0.341604,0.076015,0.216732,-0.084446,-0.130386
56.978849,49.284560,50.601721,80980642.156986,-15.335689,0.159230,-0.500408,0.056979,0.192445,-1.527631,0.492846,0.523037,0.104295,0.506017,0.647244,0.804097,0.080981,0.200307,-0.194110,-0.153357
55.973422,62.042612,49.954775,60025632.517238,-17.239675,0.148600,-0.571256,0.055973,0.575048,0.415812,0.620426,0.510327,0.035783,0.499548,0.281392,-1.147579,0.060026,0.186692,-0.285005,-0.172397
66.863330,75.492656,43.385868,67396551.530632,-14.003623,0.263737,0.196105,0.066863,0.978404,2.464666,0.754927,0.381279,-0.659874,0.433859,0.410080,-0.461077,0.067397,0.209832,-0.130518,-0.140036
61.226208,63.170901,57.260848,63140029.794795,-5.150006,0.204137,-0.201117,0.061226,0.608885,0.587685,0.631709,0.653858,0.809507,0.572608,0.335766,-0.857515,0.063140,0.273140,0.292148,-0.051500
57.623238,54.426443,42.631074,79593616.960942,-18.344813,0.166043,-0.455001,0.057623,0.346646,-0.744365,0.544264,0.366450,-0.739808,0.426311,0.623028,0.674915,0.079594,0.178789,-0.337764,-0.183448
65.130195,58.089123,62.168257,56271496.073185,96.500157,0.245413,0.073979,0.065130,0.456486,-0.186426,0.580891,0.750266,1.329208,0.621683,0.215849,-1.497226,0.056271,1.000000,5.144866,0.965002
67.584376,68.094549,51.525084,72637402.013541,-14.871725,0.271360,0.246913,0.067584,0.756541,1.337707,0.680945,0.541177,0.202081,0.515251,0.501580,0.027037,0.072637,0.203624,-0.171961,-0.148717
55.235095,57.440546,41.310655,74096120.271575,-14.136303,0.140794,-0.623283,0.055235,0.437036,-0.285224,0.574405,0.340510,-0.879643,0.413107,0.527048,0.162897,0.074096,0.208883,-0.136852,-0.141363
65.833417,62.209535,63.172182,57674847.765812,-4.624538,0.252848,0.123532,0.065833,0.580054,0.441239,0.622095,0.769988,1.435526,0.631722,0.240350,-1.366523,0.057675,0.276898,0.317234,-0.046245
52.516306,50.928282,49.202333,67049959.991420,-14.042764,0.112049,-0.814863,0.052516,0.241739,-1.277242,0.509283,0.495545,-0.043902,0.492023,0.404029,-0.493358,0.067050,0.209552,-0.132387,-0.140428
58.384298,54.193770,56.627235,71819724.591399,-4.301556,0.174090,-0.401373,0.058384,0.339668,-0.779808,0.541938,0.641410,0.742406,0.566272,0.487304,-0.049119,0.071820,0.279207,0.332653,-0.043016
55.163115,47.328421,44.477060,73610123.493653,-18.818261,0.140033,-0.628355,0.055163,0.133782,-1.825611,0.473284,0.402715,-0.544316,0.444771,0.518563,0.117633,0.073610,0.175404,-0.360366,-0.188183
70.927748,67.020669,43.978382,68332403.663881,-20.179785,0.306709,0.482505,0.070928,0.724336,1.174123,0.670207,0.392919,-0.597126,0.439784,0.426419,-0.373915,0.068332,0.165668,-0.425364,-0.201798
50.164603,60.963419,50.094377,78731230.938460,-22.744727,0.087185,-0.980576,0.050165,0.542684,0.251418,0.609634,0.513070,0.050567,0.500944,0.607972,0.594595,0.078731,0.147327,-0.547813,-0.227447
65.187981,55.171465,50.218038,68168973.622081,-20.767491,0.246024,0.078051,0.065188,0.368988,-0.630875,0.551715,0.515499,0.063663,0.502180,0.423566,-0.389137,0.068169,0.161466,-0.453421,-0.207675
60.133222,62.920190,53.461275,71966461.287331,-10.204783,0.192581,-0.278134,0.060133,0.601366,0.549494,0.629202,0.579214,0.407126,0.534613,0.489866,-0.035452,0.071966,0.236996,0.050836,-0.102048
62.389040,63.551238,48.397062,71966461.287331,-19.257960,0.216431,-0.119178,0.062389,0.620291,0.645622,0.635512,0.479725,-0.129182,0.483971,0.489866,-0.035452,0.071966,0.172260,-0.381357,-0.192580
81.665631,70.540817,50.094377,68684743.063127,-7.715297,0.420238,1.239153,0.081666,0.829902,1.710349,0.705408,0.513070,0.050567,0.500944,0.432571,-0.341100,0.068685,0.254797,0.169683,-0.077153
62.389040,53.600076,42.766065,69349634.746503,-6.060933,0.216431,-0.119178,0.062389,0.321863,-0.870246,0.536001,0.369102,-0.725512,0.427661,0.444179,-0.279174,0.069350,0.266627,0.248661,-0.060609
61.160428,43.419410,42.713218,76448894.546465,-19.326881,0.203441,-0.205752,0.061160,0.016554,-2.421073,0.434194,0.368064,-0.731109,0.427132,0.568125,0.382026,0.076449,0.171767,-0.384647,-0.193269
54.833232,60.642966,37.243270,74319140.040914,-22.435490,0.136545,-0.651600,0.054833,0.533074,0.202603,0.606430,0.260605,-1.310385,0.372433,0.530941,0.183668,0.074319,0.149539,-0.533050,-0.224355
62.389040,68.301018,52.661257,71966461.287331,-3.394203,0.216431,-0.119178,0.062389,0.762733,1.369159,0.683010,0.563497,0.322403,0.526613,0.489866,-0.035452,0.071966,0.285695,0.375969,-0.033942
58.965386,55.129130,45.772474,66006335.543718,-11.939879,0.180233,-0.360426,0.058965,0.367719,-0.637324,0.551291,0.428164,-0.407129,0.457725,0.385809,-0.590557,0.066006,0.224589,-0.031996,-0.119399
60.490795,61.053668,54.093995,60532625.627882,-12.266995,0.196361,-0.252938,0.060491,0.545391,0.265165,0.610537,0.591644,0.474132,0.540940,0.290243,-1.100360,0.060533,0.222250,-0.047612,-0.122670
54.686954,59.831892,57.849190,51161266.543965,-12.448235,0.134998,-0.661907,0.054687,0.508751,0.079051,0.598319,0.665416,0.871813,0.578492,0.126630,-1.973175,0.051161,0.220954,-0.056265,-0.124482
63.606088,63.139818,44.234326,74272078.506711,-12.676107,0.229299,-0.033418,0.063606,0.607953,0.582950,0.631398,0.397947,-0.570021,0.442343,0.530120,0.179285,0.074272,0.219324,-0.067143,-0.126761
58.520735,50.597523,43.991972,77639911.683537,-13.691003,0.175532,-0.391759,0.058521,0.231819,-1.327627,0.505975,0.393186,-0.595687,0.439920,0.588918,0.492953,0.077640,0.212067,-0.115594,-0.136910
54.025600,68.648638,50.697396,63935075.466801,-11.742707,0.128006,-0.708510,0.054026,0.773158,1.422112,0.686486,0.524916,0.114427,0.506974,0.349647,-0.783467,0.063935,0.225998,-0.022583,-0.117427
68.742117,63.096885,62.250346,59689324.969259,-9.850691,0.283601,0.328494,0.068742,0.606665,0.576410,0.630969,0.751879,1.337902,0.622503,0.275520,-1.178902,0.059689,0.239528,0.067740,-0.098507
62.389040,65.788784,39.684634,80412751.268752,-35.451922,0.216431,-0.119178,0.062389,0.687393,0.986469,0.657888,0.308566,-1.051841,0.396846,0.637329,0.751206,0.080413,0.056463,-1.154447,-0.354519
67.709129,59.206911,53.851306,64256122.776177,-4.432626,0.272679,0.255704,0.067709,0.490008,-0.016153,0.592069,0.586876,0.448431,0.538513,0.355252,-0.753566,0.064256,0.278270,0.326396,-0.044326
67.057017,57.897333,50.094377,49267562.079922,7.905742,0.265785,0.209753,0.067057,0.450735,-0.215641,0.578973,0.513070,0.050567,0.500944,0.093568,-2.149548,0.049268,0.366497,0.915422,0.079057
54.899353,53.362724,52.202340,66240137.836525,-6.758361,0.137244,-0.646941,0.054899,0.314745,-0.906402,0.533627,0.554482,0.273803,0.522023,0.389891,-0.568782,0.066240,0.261640,0.215366,-0.067584
57.457190,58.052950,48.393373,82059947.969025,-24.726500,0.164288,-0.466702,0.057457,0.455402,-0.191936,0.580529,0.479653,-0.129572,0.483934,0.666088,0.904620,0.082060,0.133157,-0.642422,-0.247265
68.787528,69.579205,69.070481,53440935.184088,-6.297234,0.284081,0.331694,0.068788,0.801065,1.563866,0.695792,0.885863,2.060164,0.690705,0.166430,-1.760855,0.053441,0.264937,0.237380,-0.062972
51.618501,51.935973,39.822340,71631273.379593,-32.100167,0.102556,-0.878127,0.051619,0.271958,-1.123740,0.519360,0.311272,-1.037257,0.398223,0.484014,-0.066670,0.071631,0.080430,-0.994436,-0.321002
73.322866,60.365363,39.098012,76996383.828320,-28.421591,0.332032,0.651278,0.073323,0.524749,0.160315,0.603654,0.297042,-1.113965,0.390980,0.577683,0.433018,0.076996,0.106734,-0.818823,-0.284216
52.972724,69.660053,45.996220,71247705.574999,-21.741864,0.116874,-0.782701,0.052973,0.803489,1.576182,0.696601,0.432560,-0.383434,0.459962,0.477317,-0.102394,0.071248,0.154499,-0.499937,-0.217419
62.920026,57.078438,34.203080,89874686.557409,-26.080679,0.222045,-0.081761,0.062920,0.426177,-0.340384,0.570784,0.200879,-1.632345,0.342031,0.802525,1.632458,0.089875,0.123473,-0.707069,-0.260807
64.844833,62.501846,43.655021,78758498.869506,-35.829914,0.242396,0.053871,0.064845,0.588820,0.485767,0.625018,0.386566,-0.631371,0.436550,0.608448,0.597135,0.078758,0.053760,-1.172492,-0.358299
56.817488,60.784970,51.610722,69296024.520316,-0.545805,0.157524,-0.511779,0.056817,0.537333,0.224234,0.607850,0.542859,0.211150,0.516107,0.443243,-0.284167,0.069296,0.306063,0.511950,-0.005458
57.062633,59.979143,59.780534,71966461.287331,-5.432599,0.160116,-0.494504,0.057063,0.513166,0.101482,0.599791,0.703358,1.076345,0.597805,0.489866,-0.035452,0.071966,0.271120,0.278657,-0.054326
58.263976,67.511669,35.934282,88504792.950593,-21.268902,0.172818,-0.409851,0.058264,0.739061,1.248917,0.675117,0.234889,-1.449008,0.359343,0.778608,1.504871,0.088505,0.157880,-0.477358,-0.212689
69.846762,63.972281,36.920841,71213402.102118,-9.364498,0.295280,0.406333,0.069847,0.632917,0.709759,0.639723,0.254271,-1.344530,0.369208,0.476718,-0.105589,0.071213,0.243004,0.090951,-0.093645
58.408312,60.821665,56.117043,58955498.032282,-5.012280,0.174344,-0.399681,0.058408,0.538433,0.229824,0.608217,0.631387,0.688376,0.561170,0.262709,-1.247248,0.058955,0.274125,0.298723,-0.050123
59.302315,54.335254,50.094377,79627394.574884,-12.969817,0.183796,-0.336685,0.059302,0.343911,-0.758255,0.543353,0.513070,0.050567,0.500944,0.623618,0.678061,0.079627,0.217224,-0.081165,-0.129698
46.580105,59.853693,39.800715,98428621.787510,-14.136303,0.049286,-1.233159,0.046580,0.509404,0.082372,0.598537,0.310847,-1.039547,0.398007,0.951867,2.429142,0.098429,0.208883,-0.136852,-0.141363
65.109593,66.608997,41.770032,71966461.287331,-14.250150,0.245195,0.072527,0.065110,0.711990,1.111412,0.666090,0.349535,-0.830994,0.417700,0.489866,-0.035452,0.071966,0.208069,-0.142287,-0.142501
65.103905,67.673944,64.301335,47811753.455187,1.417443,0.245135,0.072126,0.065104,0.743927,1.273636,0.676739,0.792171,1.555105,0.643013,0.068151,-2.285137,0.047812,0.320101,0.605674,0.014174
59.266427,46.167125,63.255610,64898976.665970,2.309571,0.183416,-0.339213,0.059266,0.098955,-2.002512,0.461671,0.771627,1.444361,0.632556,0.366475,-0.693693,0.064899,0.326481,0.648264,0.023096
63.132552,59.206911,42.299106,81239553.286035,-14.136303,0.224292,-0.066786,0.063133,0.490008,-0.016153,0.592069,0.359929,-0.774964,0.422991,0.651764,0.828212,0.081240,0.208883,-0.136852,-0.141363
63.965336,62.115800,57.255916,66385797.147195,-7.063149,0.233097,-0.008103,0.063965,0.577243,0.426960,0.621158,0.653761,0.808984,0.572559,0.392434,-0.555216,0.066386,0.259460,0.200816,-0.070631
70.733813,59.115763,47.554776,70976895.248312,-11.819334,0.304659,0.468840,0.070734,0.487274,-0.030037,0.591158,0.463178,-0.218381,0.475548,0.472589,-0.127617,0.070977,0.225451,-0.026241,-0.118193
64.578284,44.911982,47.327023,73352874.112936,-23.328659,0.239577,0.035088,0.064578,0.061315,-2.193709,0.449120,0.458704,-0.242500,0.473270,0.514071,0.093674,0.073353,0.143152,-0.575690,-0.233287
51.899441,56.893801,49.359663,57974975.759241,-9.784318,0.105527,-0.858330,0.051899,0.420640,-0.368510,0.568938,0.498636,-0.027241,0.493597,0.245590,-1.338570,0.057975,0.240002,0.070909,-0.097843
61.210530,68.282721,66.986462,65299630.323263,0.168151,0.203971,-0.202222,0.061211,0.762184,1.366372,0.682827,0.844921,1.839463,0.669865,0.373470,-0.656377,0.065300,0.311168,0.546034,0.001682
69.835664,46.729943,61.662438,61486392.701646,-6.546770,0.295163,0.405551,0.069836,0.115834,-1.916778,0.467299,0.740329,1.275642,0.616624,0.306895,-1.011529,0.061486,0.263153,0.225468,-0.065468
77.098213,60.893032,54.082017,61427997.413561,-12.378074,0.371948,0.917309,0.077098,0.540573,0.240695,0.608930,0.591409,0.472864,0.540820,0.305876,-1.016968,0.061428,0.221455,-0.052915,-0.123781
63.451478,58.235327,58.084623,56746905.454381,-7.858891,0.227664,-0.044312,0.063451,0.460871,-0.164155,0.582353,0.670041,0.896746,0.580846,0.224149,-1.452948,0.056747,0.253770,0.162828,-0.078589
70.941304,61.567373,44.980214,65692235.126090,-16.299841,0.306852,0.483460,0.070941,0.560796,0.343418,0.615674,0.412600,-0.491031,0.449802,0.380325,-0.619812,0.065692,0.193412,-0.240138,-0.162998
136.500897,50.735240,50.932491,72050366.456759,-14.136303,1.000000,5.103138,0.136501,0.235949,-1.306648,0.507352,0.529535,0.139324,0.509325,0.491331,-0.027637,0.072050,0.208883,-0.136852,-0.141363
60.138570,52.912962,54.914969,67820684.378173,-7.155627,0.192637,-0.277758,0.060139,0.301257,-0.974914,0.529130,0.607772,0.561074,0.549150,0.417485,-0.421575,0.067821,0.258799,0.196401,-0.071556
73.777401,76.212780,45.923281,67720660.193520,-11.918728,0.336838,0.683307,0.073777,1.000000,2.574363,0.762128,0.431127,-0.391159,0.459233,0.415739,-0.430891,0.067721,0.224740,-0.030986,-0.119187
136.500897,57.158431,47.520624,61429672.975773,-14.136303,1.000000,5.103138,0.136501,0.428576,-0.328199,0.571584,0.462507,-0.221998,0.475206,0.305905,-1.016812,0.061430,0.208883,-0.136852,-0.141363
61.327468,60.527141,44.637219,63139979.107620,-0.438462,0.205207,-0.193982,0.061327,0.529600,0.184959,0.605271,0.405862,-0.527354,0.446372,0.335765,-0.857520,0.063140,0.306831,0.517075,-0.004385
72.202694,68.739526,50.235889,76298241.930874,-18.687930,0.320189,0.572345,0.072203,0.775883,1.435957,0.687395,0.515850,0.065553,0.502359,0.565494,0.367995,0.076298,0.176336,-0.354144,-0.186879
56.738878,59.206911,50.094377,50904553.772902,6.701965,0.156693,-0.517318,0.056739,0.490008,-0.016153,0.592069,0.513070,0.050567,0.500944,0.122148,-1.997085,0.050905,0.357889,0.857954,0.067020
63.054970,66.596992,50.718705,78986722.191001,-19.551647,0.223472,-0.072253,0.063055,0.711630,1.109583,0.665970,0.525335,0.116684,0.507187,0.612432,0.618391,0.078987,0.170160,-0.395377,-0.195516
47.698506,52.297364,54.032009,75768942.842676,-17.799695,0.061111,-1.154351,0.047699,0.282796,-1.068689,0.522974,0.590426,0.467568,0.540320,0.556253,0.318698,0.075769,0.182687,-0.311740,-0.177997
136.500897,42.867425,36.342726,88242364.357132,-16.551872,1.000000,5.103138,0.136501,0.000000,-2.505158,0.428674,0.242913,-1.405754,0.363427,0.774026,1.480429,0.088242,0.191610,-0.252170,-0.165519
54.133613,58.158430,37.898326,83103767.210550,-36.088821,0.129148,-0.700899,0.054134,0.458565,-0.175868,0.581584,0.273474,-1.241013,0.378983,0.684312,1.001838,0.083104,0.051909,-1.184852,-0.360888
66.091823,68.012115,34.246405,85879422.130349,-14.136303,0.255580,0.141740,0.066092,0.754069,1.325150,0.680121,0.201730,-1.627757,0.342464,0.732771,1.260353,0.085879,0.208883,-0.136852,-0.141363
47.682131,50.196995,50.634116,84679131.080410,-14.776209,0.060938,-1.155504,0.047682,0.219808,-1.388639,0.501970,0.523673,0.107726,0.506341,0.711816,1.148562,0.084679,0.204307,-0.167401,-0.147762
64.467691,59.228899,50.094377,58120788.909897,3.525816,0.238408,0.027295,0.064468,0.490667,-0.012803,0.592289,0.513070,0.050567,0.500944,0.248135,-1.324990,0.058121,0.335178,0.706327,0.035258
54.132689,52.911357,66.034675,64476147.616375,-4.288145,0.129138,-0.700964,0.054133,0.301209,-0.975159,0.529114,0.826223,1.738668,0.660347,0.359093,-0.733074,0.064476,0.279303,0.333293,-0.042881
64.740477,58.032963,73.239358,51211429.840930,0.845411,0.241292,0.046517,0.064740,0.454802,-0.194981,0.580330,0.967762,2.501654,0.732394,0.127505,-1.968503,0.051211,0.316011,0.578366,0.008454
59.971818,54.264505,47.706721,61249183.663805,-5.768193,0.190874,-0.289508,0.059972,0.341789,-0.769033,0.542645,0.466163,-0.202290,0.477067,0.302754,-1.033622,0.061249,0.268720,0.262636,-0.057682
61.837573,60.015048,48.044101,69238248.547062,-16.506383,0.210600,-0.158037,0.061838,0.514243,0.106952,0.600150,0.472791,-0.166561,0.480441,0.442234,-0.289548,0.069238,0.191935,-0.249998,-0.165064
60.046946,62.304770,46.922351,64646059.800971,-8.840407,0.191669,-0.284214,0.060047,0.582910,0.455746,0.623048,0.450754,-0.285356,0.469224,0.362060,-0.717249,0.064646,0.246752,0.115971,-0.088404
69.930152,60.305630,47.423280,85355106.074960,-22.230743,0.296162,0.412209,0.069930,0.522958,0.151216,0.603056,0.460595,-0.232306,0.474233,0.723617,1.211520,0.085355,0.151003,-0.523276,-0.222307
57.105362,69.012847,37.895015,71966461.287331,-21.693808,0.160568,-0.491494,0.057105,0.784080,1.477592,0.690128,0.273409,-1.241364,0.378950,0.489866,-0.035452,0.071966,0.154842,-0.497643,-0.216938
51.002312,60.154822,42.695501,82469196.784292,-14.300265,0.096042,-0.921547,0.051002,0.518435,0.128243,0.601548,0.367716,-0.732985,0.426955,0.673233,0.942736,0.082469,0.207710,-0.144680,-0.143003
64.246207,60.178368,47.524071,93916610.066053,-15.663691,0.236066,0.011688,0.064246,0.519141,0.131830,0.601784,0.462575,-0.221633,0.475241,0.873092,2.008909,0.093917,0.197961,-0.209769,-0.156637
72.039212,59.580379,54.371715,78284859.363783,-16.568723,0.318460,0.560825,0.072039,0.501208,0.040738,0.595804,0.597100,0.503543,0.543717,0.600179,0.553022,0.078285,0.191490,-0.252974,-0.165687
54.709443,65.752485,53.119859,80032968.237841,-14.818551,0.135236,-0.660323,0.054709,0.686304,0.980939,0.657525,0.572507,0.370970,0.531199,0.630699,0.715834,0.080033,0.204004,-0.169422,-0.148186
53.611815,53.979928,56.896232,74164884.592253,-9.787953,0.123631,-0.737667,0.053612,0.333255,-0.812383,0.539799,0.646695,0.770893,0.568962,0.528248,0.169302,0.074165,0.239976,0.070735,-0.097880
60.309115,56.846137,48.979293,76060715.426242,-12.282437,0.194440,-0.265740,0.060309,0.419210,-0.375771,0.568461,0.491164,-0.067522,0.489793,0.561347,0.345873,0.076061,0.222139,-0.048350,-0.122824
46.955113,55.957471,38.301790,79203258.732913,-13.405729,0.053251,-1.206734,0.046955,0.392560,-0.511142,0.559575,0.281400,-1.198286,0.383018,0.616213,0.638558,0.079203,0.214107,-0.101975,-0.134057
55.250265,59.129690,59.528909,64508111.967055,-14.298291,0.140954,-0.622214,0.055250,0.487692,-0.027916,0.591297,0.698415,1.049698,0.595289,0.359651,-0.730097,0.064508,0.207725,-0.144585,-0.142983
65.521447,50.897114,39.138959,80208580.943921,-19.784800,0.249549,0.101549,0.065521,0.240804,-1.281990,0.508971,0.297846,-1.109628,0.391390,0.633765,0.732190,0.080209,0.168493,-0.406508,-0.197848
56.959560,59.206911,58.311055,58028140.802315,-0.505790,0.159026,-0.501768,0.056960,0.490008,-0.016153,0.592069,0.674490,0.920725,0.583111,0.246518,-1.333619,0.058028,0.306349,0.513860,-0.005058
69.115611,65.428473,71.137829,65197294.908938,4.082783,0.287550,0.354812,0.069116,0.676587,0.931582,0.654285,0.926477,2.279099,0.711378,0.371684,-0.665909,0.065197,0.339160,0.732916,0.040828
63.952104,64.722649,51.684055,68597948.471919,-16.618635,0.232957,-0.009036,0.063952,0.655420,0.824064,0.647226,0.544300,0.218916,0.516841,0.431055,-0.349184,0.068598,0.191133,-0.255357,-0.166186
60.936323,59.206911,65.600001,53630790.754923,-3.062531,0.201072,-0.221544,0.060936,0.490008,-0.016153,0.592069,0.817684,1.692635,0.656000,0.169745,-1.743173,0.053631,0.288067,0.391803,-0.030625
67.457415,68.512652,50.039397,62424883.800036,-14.136303,0.270018,0.237967,0.067457,0.769079,1.401397,0.685127,0.511990,0.044744,0.500394,0.323280,-0.924121,0.062425,0.208883,-0.136852,-0.141363
136.500897,61.258889,49.014778,74319661.958857,-10.827971,1.000000,5.103138,0.136501,0.551545,0.296427,0.612589,0.491861,-0.063764,0.490148,0.530950,0.183717,0.074320,0.232539,0.021086,-0.108280
62.389040,62.929320,68.261499,47391516.465628,1.873599,0.216431,-0.119178,0.062389,0.601640,0.550885,0.629293,0.869970,1.974492,0.682615,0.060814,-2.324277,0.047392,0.323363,0.627451,0.018736
46.305520,54.582565,54.313319,64597190.726568,-11.637346,0.046383,-1.252508,0.046306,0.351328,-0.720582,0.545826,0.595953,0.497359,0.543133,0.361206,-0.721800,0.064597,0.226752,-0.017553,-0.116373
67.053076,70.295906,50.764168,63393538.425728,-16.632863,0.265743,0.209475,0.067053,0.822558,1.673042,0.702959,0.526228,0.121499,0.507642,0.340192,-0.833904,0.063394,0.191031,-0.256036,-0.166329
62.389040,69.565729,58.959835,69140055.709334,-12.424878,0.216431,-0.119178,0.062389,0.800660,1.561813,0.695657,0.687235,0.989432,0.589598,0.440520,-0.298694,0.069140,0.221121,-0.055150,-0.124249
64.107649,57.758969,50.914453,81973951.150264,-21.346457,0.234601,0.001925,0.064108,0.446585,-0.236719,0.577590,0.529181,0.137414,0.509145,0.664586,0.896611,0.081974,0.157326,-0.481061,-0.213465
61.810258,58.406375,29.933126,101185544.403133,96.500157,0.210312,-0.159962,0.061810,0.466000,-0.138099,0.584064,0.116994,-2.084540,0.299331,1.000000,2.685912,0.101186,1.000000,5.144866,0.965002
71.389183,54.562537,53.238174,71966461.287331,-3.583926,0.311588,0.515020,0.071389,0.350727,-0.723633,0.545625,0.574831,0.383499,0.532382,0.489866,-0.035452,0.071966,0.284339,0.366912,-0.035839
63.819162,60.583904,36.986887,81894281.586350,-34.015351,0.231551,-0.018404,0.063819,0.531303,0.193606,0.605839,0.255568,-1.337536,0.369869,0.663195,0.889191,0.081894,0.066736,-1.085866,-0.340154
62.772527,58.394725,54.868733,71297948.309716,-13.862964,0.220485,-0.092155,0.062773,0.465651,-0.139873,0.583947,0.606864,0.556178,0.548687,0.478195,-0.097715,0.071298,0.210837,-0.123803,-0.138630
61.460467,49.976200,54.373002,66101971.453356,-20.754332,0.206613,-0.184610,0.061460,0.213186,-1.422273,0.499762,0.597125,0.503679,0.543730,0.387478,-0.581650,0.066102,0.161560,-0.452793,-0.207543
66.374805,54.419951,53.259450,70209861.285088,-23.260888,0.258572,0.161681,0.066375,0.346451,-0.745353,0.544200,0.575249,0.385753,0.532594,0.459198,-0.199056,0.070210,0.143637,-0.572454,-0.232609
52.545695,72.819537,56.098367,71978914.726056,-16.265763,0.112359,-0.812792,0.052546,0.898239,2.057468,0.728195,0.631021,0.686398,0.560984,0.490083,-0.034292,0.071979,0.193656,-0.238511,-0.162658
51.181115,60.946988,59.248081,54626904.690320,1.606852,0.097932,-0.908947,0.051181,0.542191,0.248915,0.609470,0.692898,1.019957,0.592481,0.187136,-1.650398,0.054627,0.321456,0.614717,0.016069
67.862306,59.206911,32.795532,88298131.364327,-28.173324,0.274299,0.266498,0.067862,0.490008,-0.016153,0.592069,0.173227,-1.781407,0.327955,0.775000,1.485623,0.088298,0.108510,-0.806971,-0.281733
59.622240,62.950920,27.102991,88684876.232442,-27.196445,0.187178,-0.314141,0.059622,0.602288,0.554175,0.629509,0.061395,-2.384255,0.271030,0.781752,1.521643,0.088685,0.115495,-0.760335,-0.271964
58.580110,52.757606,36.092117,68790174.063144,-5.605440,0.176160,-0.387575,0.058580,0.296598,-0.998580,0.527576,0.237990,-1.432293,0.360921,0.434411,-0.331280,0.068790,0.269884,0.270406,-0.056054
73.793772,70.148062,24.342669,89295156.575607,-20.192448,0.337011,0.684460,0.073794,0.818124,1.650520,0.701481,0.007167,-2.676577,0.243427,0.792407,1.578482,0.089295,0.165578,-0.425969,-0.201924
70.781462,61.625673,61.572078,52922171.708110,0.755767,0.305162,0.472197,0.070781,0.562545,0.352299,0.616257,0.738554,1.266072,0.615721,0.157373,-1.809171,0.052922,0.315370,0.574086,0.007558
69.684863,64.695000,59.164785,65409939.892954,-2.538906,0.293568,0.394925,0.069685,0.654591,0.819852,0.646950,0.691262,1.011136,0.591648,0.375396,-0.646104,0.065410,0.291811,0.416801,-0.025389
63.727742,63.077319,49.131925,73273337.982376,-16.892060,0.230585,-0.024846,0.063728,0.606078,0.573429,0.630773,0.494162,-0.051358,0.491319,0.512683,0.086266,0.073273,0.189178,-0.268410,-0.168921
61.327360,65.635526,73.375610,71966461.287331,-14.136303,0.205206,-0.193989,0.061327,0.682797,0.963123,0.656355,0.970439,2.516084,0.733756,0.489866,-0.035452,0.071966,0.208883,-0.136852,-0.141363
55.164144,52.795879,29.216375,93696020.352440,-38.851305,0.140044,-0.628282,0.055164,0.297746,-0.992749,0.527959,0.102913,-2.160445,0.292164,0.869241,1.988364,0.093696,0.032156,-1.316732,-0.388513
57.155974,54.895032,45.737483,79715666.080267,-22.836444,0.161103,-0.487927,0.057156,0.360698,-0.672984,0.548950,0.427477,-0.410835,0.457375,0.625159,0.686282,0.079716,0.146672,-0.552192,-0.228364
62.389040,59.936844,60.391295,63435954.169400,-16.291569,0.216431,-0.119178,0.062389,0.511898,0.095039,0.599368,0.715357,1.141026,0.603913,0.340933,-0.829954,0.063436,0.193471,-0.239743,-0.162916
48.130717,47.861462,41.368371,82881577.776511,-34.471334,0.065681,-1.123895,0.048131,0.149767,-1.744413,0.478615,0.341644,-0.873530,0.413684,0.680432,0.981144,0.082882,0.063475,-1.107634,-0.344713
61.810211,67.728618,27.049009,92554033.730579,-33.058207,0.210311,-0.159965,0.061810,0.745567,1.281965,0.677286,0.060334,-2.389972,0.270490,0.849303,1.882003,0.092554,0.073580,-1.040172,-0.330582
62.231017,59.020921,27.186519,86496423.492462,-26.970973,0.214760,-0.130313,0.062231,0.484430,-0.044485,0.590209,0.063036,-2.375409,0.271865,0.743544,1.317818,0.086496,0.117107,-0.749572,-0.269710
55.267462,61.774994,45.428375,79282711.545550,-25.890203,0.141136,-0.621002,0.055267,0.567023,0.375045,0.617750,0.421404,-0.443570,0.454284,0.617600,0.645958,0.079283,0.124835,-0.697976,-0.258902
71.223440,61.688491,54.804733,64598399.646077,-27.166235,0.309835,0.503341,0.071223,0.564428,0.361868,0.616885,0.605607,0.549400,0.548047,0.361228,-0.721688,0.064598,0.115711,-0.758893,-0.271662
59.115850,61.376942,45.216888,86387537.126480,-19.279090,0.181824,-0.349824,0.059116,0.555085,0.314410,0.613769,0.417250,-0.465967,0.452169,0.741643,1.307677,0.086388,0.172109,-0.382366,-0.192791
57.631492,60.485730,37.885057,70875097.373334,-10.902003,0.166130,-0.454420,0.057631,0.528359,0.178651,0.604857,0.273213,-1.242418,0.378851,0.470812,-0.137098,0.070875,0.232010,0.017551,-0.109020
53.920911,59.815439,58.754582,71966461.287331,-7.158818,0.126899,-0.715887,0.053921,0.508257,0.076545,0.598154,0.683203,0.967695,0.587546,0.489866,-0.035452,0.071966,0.258776,0.196249,-0.071588
72.543006,54.615763,48.732604,78215540.989830,-18.263406,0.323787,0.596325,0.072543,0.352323,-0.715525,0.546158,0.486317,-0.093647,0.487326,0.598968,0.546566,0.078216,0.179372,-0.333878,-0.182634
53.890770,59.206911,23.977832,91631902.786065,-14.136303,0.126581,-0.718011,0.053891,0.490008,-0.016153,0.592069,0.000000,-2.715214,0.239778,0.833204,1.796119,0.091632,0.208883,-0.136852,-0.141363
67.669961,55.414927,48.715368,75701989.611755,-28.222558,0.272265,0.252944,0.067670,0.376289,-0.593788,0.554149,0.485979,-0.095472,0.487154,0.555084,0.312462,0.075702,0.108158,-0.809322,-0.282226
62.818116,57.197424,40.282984,68117973.835437,-10.258819,0.220968,-0.088943,0.062818,0.429745,-0.322259,0.571974,0.320321,-0.988474,0.402830,0.422676,-0.393887,0.068118,0.236609,0.048257,-0.102588
57.441442,52.380477,51.417821,67380525.313622,-19.801281,0.164121,-0.467812,0.057441,0.285289,-1.056028,0.523805,0.539069,0.190721,0.514178,0.409801,-0.462570,0.067381,0.168375,-0.407295,-0.198013
55.298200,61.143419,53.850685,69112174.123309,-8.797863,0.141461,-0.618836,0.055298,0.548082,0.278837,0.611434,0.586864,0.448365,0.538507,0.440033,-0.301290,0.069112,0.247056,0.118002,-0.087979
59.475256,52.011780,34.881168,81975613.698028,-25.517647,0.185624,-0.324498,0.059475,0.274232,-1.112192,0.520118,0.214200,-1.560535,0.348812,0.664615,0.896766,0.081976,0.127499,-0.680191,-0.255176
43.266054,63.669740,38.870185,75877335.921934,-24.637956,0.014248,-1.466685,0.043266,0.623844,0.663673,0.636697,0.292566,-1.138092,0.388702,0.558146,0.328793,0.075877,0.133790,-0.638195,-0.246380
71.986845,61.120894,38.906085,78085927.398441,96.500157,0.317907,0.557135,0.071987,0.547407,0.275406,0.611209,0.293271,-1.134290,0.389061,0.596705,0.534494,0.078086,1.000000,5.144866,0.965002
69.622064,63.417334,68.986350,50887481.211514,-14.136303,0.292904,0.390500,0.069622,0.616275,0.625224,0.634173,0.884210,2.051255,0.689863,0.121850,-1.998675,0.050887,0.208883,-0.136852,-0.141363
71.955556,63.350067,50.088015,76013856.290719,-14.976631,0.317576,0.554930,0.071956,0.614258,0.614977,0.633501,0.512945,0.049893,0.500880,0.560529,0.341508,0.076014,0.202874,-0.176969,-0.149766
68.948678,70.204476,56.262079,77996536.212510,-22.388126,0.285785,0.343049,0.068949,0.819816,1.659114,0.702045,0.634237,0.703735,0.562621,0.595145,0.526168,0.077997,0.149877,-0.530789,-0.223881
61.947709,55.466915,50.094377,82271792.555273,-24.751452,0.211765,-0.150276,0.061948,0.377848,-0.585869,0.554669,0.513070,0.050567,0.500944,0.669786,0.924351,0.082272,0.132978,-0.643613,-0.247515
62.389040,45.853296,59.414573,63736290.681763,-17.673055,0.216431,-0.119178,0.062389,0.089544,-2.050318,0.458533,0.696169,1.037589,0.594146,0.346176,-0.801981,0.063736,0.183593,-0.305695,-0.176731
67.188765,74.716400,30.364522,83855865.511124,-30.875990,0.267177,0.219037,0.067189,0.955125,2.346418,0.747164,0.125469,-2.038854,0.303645,0.697442,1.071886,0.083856,0.089184,-0.935995,-0.308760
63.334927,57.755502,42.407031,72383771.137547,-14.103640,0.226432,-0.052525,0.063335,0.446481,-0.237247,0.577555,0.362049,-0.763535,0.424070,0.497152,0.003415,0.072384,0.209116,-0.135293,-0.141036
60.634627,49.049791,43.914607,74432278.475104,-23.473692,0.197882,-0.242803,0.060635,0.185404,-1.563394,0.490498,0.391666,-0.603880,0.439146,0.532917,0.194206,0.074432,0.142115,-0.582613,-0.234737
76.025160,69.884117,34.335321,86287583.635992,-33.258100,0.360603,0.841696,0.076025,0.810209,1.610314,0.698841,0.203477,-1.618341,0.343353,0.739898,1.298368,0.086288,0.072151,-1.049715,-0.332581
62.389040,61.749863,50.094377,100497670.235042,-14.136303,0.216431,-0.119178,0.062389,0.566269,0.371217,0.617499,0.513070,0.050567,0.500944,0.987990,2.621846,0.100498,0.208883,-0.136852,-0.141363
79.483774,57.329381,70.023077,57166262.326869,-7.161503,0.397170,1.085408,0.079484,0.433702,-0.302158,0.573294,0.904577,2.161046,0.700231,0.231470,-1.413891,0.057166,0.258757,0.196121,-0.071615
53.002033,62.246718,34.730678,83632637.893881,-18.787327,0.117184,-0.780636,0.053002,0.581169,0.446903,0.622467,0.211244,-1.576472,0.347307,0.693545,1.051095,0.083633,0.175625,-0.358889,-0.187873
63.048496,55.886180,51.067890,62893766.929405,-13.694180,0.223403,-0.072709,0.063048,0.390422,-0.522002,0.558862,0.532195,0.153663,0.510679,0.331467,-0.880451,0.062894,0.212044,-0.115745,-0.136942
65.171357,64.370509,56.030974,65423323.605982,-2.638353,0.245848,0.076879,0.065171,0.644860,0.770422,0.643705,0.629697,0.679261,0.560310,0.375630,-0.644857,0.065423,0.291100,0.412053,-0.026384
54.864176,52.536407,50.628363,73235252.472391,-10.547076,0.136872,-0.649419,0.054864,0.289965,-1.032275,0.525364,0.523560,0.107117,0.506284,0.512018,0.082719,0.073235,0.234548,0.034495,-0.105471
48.527340,50.679789,60.317503,59844371.701416,-1.541865,0.069874,-1.095947,0.048527,0.234286,-1.315095,0.506798,0.713907,1.133211,0.603175,0.278227,-1.164461,0.059844,0.298941,0.464399,-0.015419
64.002556,58.638147,51.208206,64009435.516160,-9.612597,0.233490,-0.005481,0.064003,0.472951,-0.102793,0.586381,0.534951,0.168523,0.512082,0.350945,-0.776542,0.064009,0.241230,0.079107,-0.096126
65.907940,46.625652,45.807815,81586432.938164,-30.664712,0.253636,0.128783,0.065908,0.112706,-1.932664,0.466257,0.428859,-0.403387,0.458078,0.657820,0.860519,0.081586,0.090695,-0.925908,-0.306647
62.898654,68.300684,63.508454,59274734.067292,5.578862,0.221819,-0.083267,0.062899,0.762723,1.369108,0.683007,0.776595,1.471137,0.635085,0.268282,-1.217515,0.059275,0.349858,0.804338,0.055789
60.645633,46.183180,53.226093,78984539.968203,-15.072685,0.197998,-0.242027,0.060646,0.099437,-2.000066,0.461832,0.574594,0.382220,0.532261,0.612394,0.618187,0.078985,0.202187,-0.181554,-0.150727
68.727973,59.409860,51.810457,62256502.153358,-11.380621,0.283451,0.327497,0.068728,0.496094,0.014763,0.594099,0.546783,0.232302,0.518105,0.320341,-0.939804,0.062257,0.228588,-0.005298,-0.113806
58.675074,46.011984,49.084568,71845175.961527,-18.130616,0.177164,-0.380883,0.058675,0.094303,-2.026145,0.460120,0.493232,-0.056374,0.490846,0.487749,-0.046748,0.071845,0.180321,-0.327538,-0.181306
68.652866,60.038217,58.422694,61169375.967777,-8.105767,0.282657,0.322205,0.068653,0.514938,0.110481,0.600382,0.676683,0.932548,0.584227,0.301360,-1.041055,0.061169,0.252005,0.151042,-0.081058
58.133098,58.672386,56.799933,67887566.757225,-14.708579,0.171434,-0.419074,0.058133,0.473978,-0.097577,0.586724,0.644803,0.760695,0.567999,0.418653,-0.415346,0.067888,0.204791,-0.164172,-0.147086
74.310398,70.016844,57.761727,66894043.632691,-24.539368,0.342473,0.720865,0.074310,0.814189,1.630532,0.700168,0.663698,0.862550,0.577617,0.401307,-0.507879,0.066894,0.134495,-0.633488,-0.245394
60.701500,65.794848,47.878639,82226602.405829,-17.016343,0.198589,-0.238091,0.060702,0.687575,0.987392,0.657948,0.469541,-0.184083,0.478786,0.668997,0.920142,0.082227,0.188289,-0.274344,-0.170163
76.757065,74.507596,53.294755,67975466.503642,-8.382459,0.368341,0.893270,0.076757,0.948863,2.314611,0.745076,0.575943,0.389491,0.532948,0.420188,-0.407159,0.067975,0.250026,0.137833,-0.083825
48.979814,55.690099,40.030063,80320324.620755,-14.136303,0.074658,-1.064063,0.048980,0.384542,-0.551871,0.556901,0.315352,-1.015259,0.400301,0.635716,0.742598,0.080320,0.208883,-0.136852,-0.141363
64.445081,62.062217,37.569314,93600937.212757,-32.112401,0.238169,0.025702,0.064445,0.575636,0.418798,0.620622,0.267010,-1.275856,0.375693,0.867581,1.979508,0.093601,0.080343,-0.995020,-0.321124
75.282589,69.059805,31.722555,90323548.833782,-28.979910,0.352752,0.789370,0.075283,0.785488,1.484746,0.690598,0.152148,-1.895036,0.317226,0.810361,1.674263,0.090324,0.102742,-0.845477,-0.289799
62.389040,59.206911,58.852532,61810573.744502,-10.661781,0.216431,-0.119178,0.062389,0.490008,-0.016153,0.592069,0.685127,0.978068,0.588525,0.312555,-0.981336,0.061811,0.233728,0.029019,-0.106618
53.889765,50.790038,57.098155,61213398.403762,-14.136303,0.126570,-0.718082,0.053890,0.237593,-1.298301,0.507900,0.650662,0.792277,0.570982,0.302129,-1.036955,0.061213,0.208883,-0.136852,-0.141363
64.261261,52.228616,44.809044,73418150.111170,-17.293997,0.236226,0.012749,0.064261,0.280734,-1.079161,0.522286,0.409237,-0.509158,0.448090,0.515211,0.099753,0.073418,0.186303,-0.287599,-0.172940
53.485916,51.039220,47.097708,71966461.287331,-16.460600,0.122300,-0.746539,0.053486,0.245065,-1.260343,0.510392,0.454199,-0.266785,0.470977,0.489866,-0.035452,0.071966,0.192263,-0.247813,-0.164606
69.580453,55.961248,48.992287,78951267.250993,-18.795268,0.292464,0.387568,0.069580,0.392673,-0.510567,0.559612,0.491419,-0.066146,0.489923,0.611813,0.615089,0.078951,0.175568,-0.359268,-0.187953
57.196383,50.659040,43.152312,86643620.150923,-21.696976,0.161530,-0.485080,0.057196,0.233664,-1.318256,0.506590,0.376690,-0.684608,0.431523,0.746114,1.331528,0.086644,0.154819,-0.497794,-0.216970
62.389040,68.211040,54.439391,72840246.777825,-14.202434,0.216431,-0.119178,0.062389,0.760034,1.355453,0.682110,0.598429,0.510710,0.544394,0.505121,0.045929,0.072840,0.208410,-0.140009,-0.142024
50.545699,47.379837,36.129702,82671844.976164,-14.136303,0.091214,-0.953722,0.050546,0.135324,-1.817779,0.473798,0.238728,-1.428313,0.361297,0.676771,0.961610,0.082672,0.208883,-0.136852,-0.141363
63.321712,57.733621,55.636253,64813688.490391,-9.153273,0.226292,-0.053457,0.063322,0.445825,-0.240580,0.577336,0.621942,0.637460,0.556363,0.364986,-0.701636,0.064814,0.244515,0.101035,-0.091533
62.049521,63.691450,39.822162,85712004.096799,-40.916453,0.212841,-0.143102,0.062050,0.624496,0.666980,0.636915,0.311268,-1.037276,0.398222,0.729849,1.244760,0.085712,0.017389,-1.415320,-0.409165
41.918474,57.644888,50.094377,71966461.287331,-34.019722,0.000000,-1.561642,0.041918,0.443164,-0.254097,0.576449,0.513070,0.050567,0.500944,0.489866,-0.035452,0.071966,0.066704,-1.086075,-0.340197
49.802677,55.859848,70.733850,43908268.847653,14.220366,0.083358,-1.006080,0.049803,0.389632,-0.526013,0.558598,0.918540,2.236317,0.707339,0.000000,-2.648694,0.043908,0.411650,1.216878,0.142204
50.650049,62.355376,49.139087,73757196.748784,-14.615432,0.092317,-0.946369,0.050650,0.584428,0.463455,0.623554,0.494303,-0.050600,0.491391,0.521130,0.131331,0.073757,0.205457,-0.159725,-0.146154
62.389040,62.668449,46.927784,72264574.545038,-14.047715,0.216431,-0.119178,0.062389,0.593817,0.511146,0.626684,0.450861,-0.284780,0.469278,0.495071,-0.007687,0.072265,0.209516,-0.132623,-0.140477
71.140053,74.041682,50.094377,84201368.201384,-14.136303,0.308954,0.497465,0.071140,0.934891,2.243638,0.740417,0.513070,0.050567,0.500944,0.703474,1.104065,0.084201,0.208883,-0.136852,-0.141363
60.713757,58.499052,50.094377,72593371.748496,-18.575658,0.198719,-0.237227,0.060714,0.468780,-0.123981,0.584991,0.513070,0.050567,0.500944,0.500811,0.022936,0.072593,0.177139,-0.348784,-0.185757
50.458602,54.903200,36.101073,86718276.106715,-25.670412,0.090293,-0.959860,0.050459,0.360943,-0.671740,0.549032,0.238166,-1.431345,0.361011,0.747417,1.338481,0.086718,0.126407,-0.687484,-0.256704
62.037796,66.917051,28.728836,96148822.263646,-27.351718,0.212717,-0.143928,0.062038,0.721229,1.158338,0.669171,0.093335,-2.212076,0.287288,0.912064,2.216809,0.096149,0.114385,-0.767748,-0.273517
66.528281,62.843981,57.637498,65191835.346723,-7.836255,0.260194,0.172495,0.066528,0.599081,0.537885,0.628440,0.661257,0.849394,0.576375,0.371588,-0.666417,0.065192,0.253932,0.163908,-0.078363
64.594613,61.463577,60.514183,55626025.666300,2.300089,0.239750,0.036239,0.064595,0.557683,0.327607,0.614636,0.717771,1.154040,0.605142,0.204580,-1.557343,0.055626,0.326413,0.647811,0.023001
72.418774,73.449814,45.560247,77563008.254435,-24.207337,0.322473,0.587571,0.072419,0.917141,2.153479,0.734498,0.423995,-0.429604,0.455602,0.587576,0.485791,0.077563,0.136869,-0.617637,-0.242073
55.434228,57.770872,52.899150,64413023.410981,-17.423348,0.142899,-0.609251,0.055434,0.446942,-0.234905,0.577709,0.568171,0.347596,0.528992,0.357991,-0.738953,0.064413,0.185378,-0.293774,-0.174233
65.387164,74.391948,61.726595,65457885.215444,-8.143237,0.248130,0.092086,0.065387,0.945395,2.296995,0.743919,0.741589,1.282436,0.617266,0.376233,-0.641638,0.065458,0.251737,0.149253,-0.081432
63.638291,67.930359,57.884085,57427403.001704,-4.647180,0.229639,-0.031149,0.063638,0.751617,1.312696,0.679304,0.666102,0.875508,0.578841,0.236030,-1.389569,0.057427,0.276736,0.316153,-0.046472
136.500897,67.146983,35.517818,84412963.564431,-26.320685,1.000000,5.103138,0.136501,0.728124,1.193364,0.671470,0.226708,-1.493113,0.355178,0.707169,1.123772,0.084413,0.121757,-0.718527,-0.263207
68.706851,62.915665,43.941683,82202104.398450,-22.207442,0.283228,0.326009,0.068707,0.601230,0.548805,0.629157,0.392198,-0.601013,0.439417,0.668569,0.917860,0.082202,0.151169,-0.522163,-0.222074
72.163373,67.671451,57.450542,60727804.465845,-13.151538,0.319773,0.569574,0.072163,0.743853,1.273257,0.676715,0.657585,0.829595,0.574505,0.293651,-1.082181,0.060728,0.215924,-0.089840,-0.131515
58.633170,65.908461,50.525635,65308820.870581,-14.807192,0.176721,-0.383836,0.058633,0.690982,1.004699,0.659085,0.521542,0.096238,0.505256,0.373631,-0.655521,0.065309,0.204086,-0.168880,-0.148072
73.546088,60.202350,56.204949,68931670.742219,-20.252826,0.334392,0.667007,0.073546,0.519860,0.135483,0.602023,0.633114,0.697685,0.562049,0.436882,-0.318102,0.068932,0.165146,-0.428851,-0.202528
63.119617,47.392960,48.107083,64974744.408387,-11.882405,0.224155,-0.067697,0.063120,0.135717,-1.815780,0.473930,0.474029,-0.159891,0.481071,0.367798,-0.686636,0.064975,0.225000,-0.029252,-0.118824
59.816083,56.565220,35.113590,79456684.976007,-20.469998,0.189228,-0.300482,0.059816,0.410786,-0.418563,0.565652,0.218766,-1.535921,0.351136,0.620637,0.662161,0.079457,0.163593,-0.439219,-0.204700
66.189684,45.047179,50.094377,70715398.923463,-20.619180,0.256614,0.148636,0.066190,0.065369,-2.173114,0.450472,0.513070,0.050567,0.500944,0.468024,-0.151972,0.070715,0.162526,-0.446341,-0.206192
62.450910,62.202667,37.999707,82037048.092991,-24.181567,0.217085,-0.114818,0.062451,0.579848,0.440193,0.622027,0.275465,-1.230277,0.379997,0.665688,0.902487,0.082037,0.137053,-0.616407,-0.241816
45.598478,47.078495,55.467825,59338879.686880,-13.302474,0.038908,-1.302330,0.045598,0.126287,-1.863683,0.470785,0.618633,0.619623,0.554678,0.269402,-1.211541,0.059339,0.214845,-0.097046,-0.133025
80.371514,67.675170,58.299207,71966461.287331,-15.665446,0.406556,1.147963,0.080372,0.743964,1.273823,0.676752,0.674257,0.919470,0.582992,0.489866,-0.035452,0.071966,0.197949,-0.209852,-0.156654
72.706101,54.373169,47.365857,77307370.101939,-6.591864,0.325511,0.607817,0.072706,0.345048,-0.752480,0.543732,0.459467,-0.238388,0.473659,0.583113,0.461982,0.077307,0.262830,0.223315,-0.065919
51.456202,64.040425,46.786638,72881750.354027,-14.064259,0.100840,-0.889563,0.051456,0.634961,0.720140,0.640404,0.448088,-0.299728,0.467866,0.505846,0.049795,0.072882,0.209398,-0.133413,-0.140643
51.835133,59.206911,56.293141,69804863.234593,-6.532129,0.104847,-0.862862,0.051835,0.490008,-0.016153,0.592069,0.634847,0.707025,0.562931,0.452127,-0.236776,0.069805,0.263257,0.226167,-0.065321
61.295192,56.131694,50.094377,71966461.287331,-24.276499,0.204866,-0.196256,0.061295,0.397785,-0.484603,0.561317,0.513070,0.050567,0.500944,0.489866,-0.035452,0.071966,0.136374,-0.620939,-0.242765
61.447034,63.917255,38.094811,81286248.279946,-14.566989,0.206471,-0.185556,0.061447,0.631267,0.701377,0.639173,0.277334,-1.220205,0.380948,0.652580,0.832561,0.081286,0.205803,-0.157413,-0.145670
73.639405,70.352511,38.131275,84190183.029200,-28.414123,0.335379,0.673583,0.073639,0.824255,1.681664,0.703525,0.278050,-1.216344,0.381313,0.703279,1.103023,0.084190,0.106788,-0.818467,-0.284141
57.322056,62.623818,44.979432,72932620.630423,-14.168967,0.162859,-0.476224,0.057322,0.592478,0.504347,0.626238,0.412585,-0.491114,0.449794,0.506734,0.054533,0.072933,0.208649,-0.138411,-0.141690
69.504217,55.200495,57.310137,67744906.174704,-10.828795,0.291658,0.382196,0.069504,0.369859,-0.626453,0.552005,0.654826,0.814726,0.573101,0.416162,-0.428633,0.067745,0.232534,0.021046,-0.108288
56.704135,53.929489,49.392479,79108117.031369,-24.190992,0.156326,-0.519766,0.056704,0.331742,-0.820066,0.539295,0.499281,-0.023765,0.493925,0.614552,0.629697,0.079108,0.136986,-0.616857,-0.241910
63.561843,62.429353,40.765018,92416070.467908,-29.510230,0.228831,-0.036536,0.063562,0.586646,0.474724,0.624294,0.329791,-0.937426,0.407650,0.846894,1.869154,0.092416,0.098950,-0.870794,-0.295102
71.483287,67.096373,55.204975,52472609.535151,-4.396530,0.312583,0.521651,0.071483,0.726606,1.185655,0.670964,0.613470,0.591787,0.552050,0.149524,-1.851042,0.052473,0.278528,0.328119,-0.043965
63.439602,60.234734,55.418767,68257850.998594,96.500157,0.227538,-0.045149,0.063440,0.520831,0.140416,0.602347,0.617670,0.614428,0.554188,0.425118,-0.380859,0.068258,1.000000,5.144866,0.965002
63.221974,60.844872,53.694401,60356110.102370,3.617792,0.225237,-0.060485,0.063222,0.539129,0.233359,0.608449,0.583794,0.431815,0.536944,0.287162,-1.116800,0.060356,0.335835,0.710718,0.036178
71.121850,59.206911,65.614354,58198255.858500,-6.171042,0.308761,0.496183,0.071122,0.490008,-0.016153,0.592069,0.817966,1.694155,0.656144,0.249488,-1.317775,0.058198,0.265839,0.243405,-0.061710
53.184009,65.781712,45.975559,79486468.036619,-14.136303,0.119108,-0.767813,0.053184,0.687181,0.985391,0.657817,0.432154,-0.385622,0.459756,0.621157,0.664935,0.079486,0.208883,-0.136852,-0.141363
62.389040,65.116383,45.975984,74307288.024189,-7.334964,0.216431,-0.119178,0.062389,0.667228,0.884041,0.651164,0.432162,-0.385577,0.459760,0.530734,0.182565,0.074307,0.257517,0.187840,-0.073350
80.277867,58.217331,50.094377,85397923.186540,-28.264202,0.405566,1.141364,0.080278,0.460331,-0.166896,0.582173,0.513070,0.050567,0.500944,0.724365,1.215508,0.085398,0.107860,-0.811310,-0.282642
68.790820,64.863967,61.286679,51611326.069974,13.808630,0.284116,0.331926,0.068791,0.659658,0.845591,0.648640,0.732947,1.235848,0.612867,0.134487,-1.931258,0.051611,0.408706,1.197222,0.138086
67.222210,49.606180,57.878068,70300471.272215,-9.375515,0.267531,0.221393,0.067222,0.202090,-1.478638,0.496062,0.665983,0.874871,0.578781,0.460780,-0.190616,0.070300,0.242925,0.090425,-0.093755
72.337878,66.814019,67.308330,48064208.458208,-0.144759,0.321618,0.581870,0.072338,0.718139,1.142643,0.668140,0.851245,1.873550,0.673083,0.072558,-2.261625,0.048064,0.308931,0.531096,-0.001448
62.003302,55.501599,50.459985,80522985.097454,-16.585598,0.212353,-0.146359,0.062003,0.378889,-0.580585,0.555016,0.520252,0.089285,0.504600,0.639254,0.761473,0.080523,0.191369,-0.253780,-0.165856
58.678269,54.845784,74.880348,54192352.058069,5.371702,0.177198,-0.380658,0.058678,0.359221,-0.680486,0.548458,1.000000,2.675438,0.748803,0.179549,-1.690871,0.054192,0.348377,0.794448,0.053717
56.246467,44.914403,52.359320,75329656.914425,96.500157,0.151487,-0.552016,0.056246,0.061387,-2.193340,0.449144,0.557566,0.290428,0.523593,0.548584,0.277784,0.075330,1.000000,5.144866,0.965002
57.299150,54.064929,37.081805,81113096.807634,-15.773002,0.162617,-0.477838,0.057299,0.335804,-0.799434,0.540649,0.257433,-1.327484,0.370818,0.649557,0.816434,0.081113,0.197179,-0.214987,-0.157730
74.239304,69.996546,50.643799,69072206.208752,-9.753324,0.341721,0.715855,0.074239,0.813580,1.627440,0.699965,0.523863,0.108751,0.506438,0.439335,-0.305013,0.069072,0.240224,0.072389,-0.097533
55.001719,59.206911,47.349214,79533753.189709,-22.237960,0.138326,-0.639727,0.055002,0.490008,-0.016153,0.592069,0.459140,-0.240150,0.473492,0.621983,0.669339,0.079534,0.150951,-0.523620,-0.222380
61.894430,52.305633,50.094377,59818403.416336,-11.383198,0.211202,-0.154030,0.061894,0.283044,-1.067429,0.523056,0.513070,0.050567,0.500944,0.277774,-1.166880,0.059818,0.228569,-0.005421,-0.113832
62.800409,69.356300,63.658893,63839169.821902,-6.310001,0.220780,-0.090190,0.062800,0.794380,1.529911,0.693563,0.779550,1.487069,0.636589,0.347972,-0.792400,0.063839,0.264846,0.236771,-0.063100
58.343840,59.750072,50.094377,68335178.304162,-21.584372,0.173662,-0.404224,0.058344,0.506297,0.066587,0.597501,0.513070,0.050567,0.500944,0.426468,-0.373657,0.068335,0.155625,-0.492418,-0.215844
68.831998,59.206911,50.094377,76334138.947170,-17.476577,0.284551,0.334828,0.068832,0.490008,-0.016153,0.592069,0.513070,0.050567,0.500944,0.566121,0.371338,0.076334,0.184998,-0.296315,-0.174766
72.566341,61.663339,54.696463,57971438.075266,-10.057323,0.324033,0.597969,0.072566,0.563674,0.358037,0.616633,0.603480,0.537934,0.546965,0.245528,-1.338900,0.057971,0.238050,0.057876,-0.100573
54.297679,59.206911,54.308560,71966461.287331,-4.225599,0.130883,-0.689338,0.054298,0.490008,-0.016153,0.592069,0.595859,0.496855,0.543086,0.489866,-0.035452,0.071966,0.279750,0.336279,-0.042256
55.713941,54.736790,49.880966,71357207.509564,-23.880726,0.145857,-0.589540,0.055714,0.355953,-0.697089,0.547368,0.508877,0.027966,0.498810,0.479229,-0.092196,0.071357,0.139204,-0.602045,-0.238807
71.737386,71.382720,49.395334,63014926.294811,-15.055400,0.315269,0.539557,0.071737,0.855150,1.838597,0.713827,0.499337,-0.023463,0.493953,0.333582,-0.869167,0.063015,0.202311,-0.180729,-0.150554
51.157210,62.655053,41.364255,71966461.287331,-18.384079,0.097679,-0.910632,0.051157,0.593415,0.509105,0.626551,0.341563,-0.873966,0.413643,0.489866,-0.035452,0.071966,0.178509,-0.339638,-0.183841
62.570389,68.703875,57.723594,73697620.389215,-2.000095,0.218348,-0.106399,0.062570,0.774814,1.430526,0.687039,0.662949,0.858512,0.577236,0.520090,0.125782,0.073698,0.295664,0.442523,-0.020001
46.635914,46.025659,47.790073,81470224.109156,-23.156079,0.049877,-1.229226,0.046636,0.094713,-2.024062,0.460257,0.467801,-0.193463,0.477901,0.655792,0.849695,0.081470,0.144386,-0.567451,-0.231561
62.389040,54.046497,65.643378,59911465.745161,1.261039,0.216431,-0.119178,0.062389,0.335251,-0.802242,0.540465,0.818536,1.697229,0.656434,0.279399,-1.158212,0.059911,0.318983,0.598208,0.012610
67.423250,59.206911,64.063844,62885668.441236,6.088185,0.269657,0.235560,0.067423,0.490008,-0.016153,0.592069,0.787506,1.529954,0.640638,0.331325,-0.881205,0.062886,0.353500,0.828653,0.060882
62.389040,56.675275,43.163219,75388928.765918,-3.895946,0.216431,-0.119178,0.062389,0.414086,-0.401798,0.566753,0.376905,-0.683453,0.431632,0.549619,0.283305,0.075389,0.282108,0.352016,-0.038959
55.995810,58.395203,50.539219,59965370.791319,96.500157,0.148837,-0.569678,0.055996,0.465665,-0.139801,0.583952,0.521809,0.097676,0.505392,0.280340,-1.153192,0.059965,1.000000,5.144866,0.965002
62.389040,67.356273,61.316621,70366427.285828,-2.270587,0.216431,-0.119178,0.062389,0.734401,1.225245,0.673563,0.733535,1.239019,0.613166,0.461931,-0.184474,0.070366,0.293730,0.429610,-0.022706
59.869506,50.107475,50.094377,64528082.242450,96.500157,0.189792,-0.296717,0.059870,0.217123,-1.402276,0.501075,0.513070,0.050567,0.500944,0.360000,-0.728237,0.064528,1.000000,5.144866,0.965002
48.921524,59.206911,50.094377,50812225.198703,15.322396,0.074042,-1.068170,0.048922,0.490008,-0.016153,0.592069,0.513070,0.050567,0.500944,0.120536,-2.005684,0.050812,0.419530,1.269488,0.153224
62.389040,60.130174,48.390062,71794746.416453,-13.290689,0.216431,-0.119178,0.062389,0.517696,0.124489,0.601302,0.479588,-0.129923,0.483901,0.486868,-0.051445,0.071795,0.214929,-0.096483,-0.132907
69.821773,57.718530,55.280644,67799429.878772,-13.879758,0.295016,0.404572,0.069822,0.445373,-0.242879,0.577185,0.614956,0.599800,0.552806,0.417114,-0.423555,0.067799,0.210717,-0.124605,-0.138798
52.741061,59.206911,48.887007,73905391.035319,-14.023014,0.114425,-0.799025,0.052741,0.490008,-0.016153,0.592069,0.489351,-0.077296,0.488870,0.523718,0.145133,0.073905,0.209693,-0.131444,-0.140230
57.293866,62.550087,49.316010,69506751.831227,-17.728831,0.162561,-0.478211,0.057294,0.590267,0.493116,0.625501,0.497778,-0.031864,0.493160,0.446922,-0.264541,0.069507,0.183194,-0.308357,-0.177288
69.613886,60.074635,47.280371,66538673.526393,-11.541096,0.292818,0.389924,0.069614,0.516030,0.116028,0.600746,0.457788,-0.247441,0.472804,0.395103,-0.540977,0.066539,0.227440,-0.012958,-0.115411
61.628438,56.831894,46.178985,79345245.366608,2.401579,0.208389,-0.172774,0.061628,0.418783,-0.377940,0.568319,0.436150,-0.364079,0.461790,0.618692,0.651782,0.079345,0.327139,0.652656,0.024016
63.595973,56.342310,41.420412,79808844.811194,-13.950279,0.229192,-0.034131,0.063596,0.404101,-0.452519,0.563423,0.342666,-0.868019,0.414204,0.626786,0.694960,0.079809,0.210213,-0.127971,-0.139503
69.763039,68.693556,52.865166,79291031.708810,-12.109131,0.294395,0.400434,0.069763,0.774505,1.428955,0.686936,0.567503,0.343997,0.528652,0.617745,0.646733,0.079291,0.223378,-0.040076,-0.121091
60.865171,54.904167,45.714715,76267522.229914,-17.616058,0.200319,-0.226557,0.060865,0.360972,-0.671592,0.549042,0.427030,-0.413246,0.457147,0.564958,0.365134,0.076268,0.184001,-0.302974,-0.176161
56.102949,45.854659,51.807774,78889675.217214,-8.714808,0.149969,-0.562129,0.056103,0.089585,-2.050110,0.458547,0.546730,0.232018,0.518078,0.610738,0.609352,0.078890,0.247650,0.121967,-0.087148
57.334919,57.964461,45.113464,67478274.029768,-6.902107,0.162995,-0.475318,0.057335,0.452748,-0.205416,0.579645,0.415218,-0.476919,0.451135,0.411507,-0.453466,0.067478,0.260612,0.208504,-0.069021
57.317990,55.345017,34.056503,89575550.005368,-35.219237,0.162816,-0.476511,0.057318,0.374193,-0.604438,0.553450,0.197999,-1.647868,0.340565,0.797302,1.604597,0.089576,0.058127,-1.143339,-0.352192
50.950946,55.547648,51.840851,65236582.235065,-9.220065,0.095498,-0.925166,0.050951,0.380270,-0.573571,0.555476,0.547380,0.235521,0.518409,0.372370,-0.662249,0.065237,0.244037,0.097846,-0.092201
49.099917,59.206911,50.094377,62615282.113797,-1.636726,0.075928,-1.055600,0.049100,0.490008,-0.016153,0.592069,0.513070,0.050567,0.500944,0.326604,-0.906388,0.062615,0.298262,0.459870,-0.016367
47.166876,54.505379,69.178991,60342871.798981,7.486263,0.055490,-1.191812,0.047167,0.349013,-0.732340,0.545054,0.887995,2.071656,0.691790,0.286931,-1.118033,0.060343,0.363497,0.895396,0.074863
49.786352,46.896090,60.987472,71077586.373972,-15.295574,0.083185,-1.007230,0.049786,0.120816,-1.891468,0.468961,0.727069,1.204162,0.609875,0.474347,-0.118239,0.071078,0.200593,-0.192195,-0.152956
57.203551,54.328580,47.853890,64047248.156304,-11.417992,0.161606,-0.484575,0.057204,0.343711,-0.759272,0.543286,0.469055,-0.186704,0.478539,0.351605,-0.773020,0.064047,0.228320,-0.007082,-0.114180
56.476135,58.077743,66.630365,49259835.593657,-7.378994,0.153915,-0.535832,0.056476,0.456145,-0.188159,0.580777,0.837926,1.801752,0.666304,0.093433,-2.150268,0.049260,0.257202,0.185738,-0.073790
62.622411,62.492909,50.498668,86747660.129497,-19.102150,0.218898,-0.102733,0.062622,0.588552,0.484406,0.624929,0.521012,0.093382,0.504987,0.747930,1.341217,0.086748,0.173374,-0.373919,-0.191021
62.474204,52.723239,40.663560,69521913.117121,-23.723385,0.217331,-0.113176,0.062474,0.295568,-1.003815,0.527232,0.327798,-0.948171,0.406636,0.447187,-0.263129,0.069522,0.140329,-0.594534,-0.237234
65.991574,66.066198,46.455457,86872156.634421,-12.102066,0.254520,0.134676,0.065992,0.695712,1.028727,0.660662,0.441582,-0.334800,0.464555,0.750104,1.352813,0.086872,0.223429,-0.039739,-0.121021
136.500897,70.043822,60.952226,65603171.722223,1.440455,1.000000,5.103138,0.136501,0.814998,1.634642,0.700438,0.726377,1.200429,0.609522,0.378770,-0.628107,0.065603,0.320266,0.606773,0.014405
52.981593,62.656934,36.857279,90294796.577217,-43.348231,0.116968,-0.782076,0.052982,0.593471,0.509392,0.626569,0.253022,-1.351262,0.368573,0.809859,1.671585,0.090295,0.000000,-1.531412,-0.433482
55.150460,61.756101,37.231671,83012594.086802,-28.372720,0.139899,-0.629246,0.055150,0.566456,0.372167,0.617561,0.260377,-1.311613,0.372317,0.682720,0.993346,0.083013,0.107084,-0.816490,-0.283727
69.784112,64.574898,57.660567,56073094.937972,1.256505,0.294618,0.401919,0.069784,0.650989,0.801557,0.645749,0.661711,0.851837,0.576606,0.212385,-1.515705,0.056073,0.318951,0.597991,0.012565
72.781840,59.206911,35.816302,71935826.012182,-10.693613,0.326312,0.613154,0.072782,0.490008,-0.016153,0.592069,0.232571,-1.461503,0.358163,0.489331,-0.038305,0.071936,0.233500,0.027500,-0.106936
49.779788,61.050367,60.382689,58977490.683551,-3.482683,0.083116,-1.007692,0.049780,0.545292,0.264662,0.610504,0.715188,1.140114,0.603827,0.263093,-1.245200,0.058977,0.285063,0.371745,-0.034827
74.957131,45.731541,37.300542,91017236.157663,-16.088658,0.349311,0.766437,0.074957,0.085893,-2.068865,0.457315,0.261730,-1.304319,0.373005,0.822472,1.738871,0.091017,0.194922,-0.230056,-0.160887
56.267365,55.912792,58.638549,62965923.482238,-15.954982,0.151708,-0.550543,0.056267,0.391220,-0.517948,0.559128,0.680923,0.955407,0.586385,0.332726,-0.873731,0.062966,0.195878,-0.223675,-0.159550
72.394745,59.569819,41.154797,77741585.846746,-23.752225,0.322219,0.585878,0.072395,0.500891,0.039129,0.595698,0.337448,-0.896148,0.411548,0.590694,0.502423,0.077742,0.140123,-0.595910,-0.237522
60.880060,59.206911,44.007717,75974927.078774,-26.383601,0.200477,-0.225508,0.060880,0.490008,-0.016153,0.592069,0.393495,-0.594020,0.440077,0.559850,0.337883,0.075975,0.121307,-0.721531,-0.263836
52.516010,53.452946,39.652640,76879735.111882,-30.268422,0.112046,-0.814884,0.052516,0.317451,-0.892658,0.534529,0.307938,-1.055229,0.396526,0.575647,0.422153,0.076880,0.093528,-0.906990,-0.302684
64.324432,56.722538,45.599840,74186580.839137,-2.964059,0.236893,0.017200,0.064324,0.415504,-0.394599,0.567225,0.424773,-0.425411,0.455998,0.528627,0.171322,0.074187,0.288771,0.396504,-0.029641
67.180917,63.653868,54.023968,67780287.530383,-28.987727,0.267094,0.218484,0.067181,0.623368,0.661255,0.636539,0.590268,0.466716,0.540240,0.416780,-0.425338,0.067780,0.102686,-0.845850,-0.289877
73.594095,61.549570,62.059817,65968705.177813,2.844489,0.334900,0.670390,0.073594,0.560262,0.340706,0.615496,0.748136,1.317725,0.620598,0.385152,-0.594062,0.065969,0.330306,0.673801,0.028445
55.477142,56.416094,71.701743,53096647.010106,4.940760,0.143353,-0.606227,0.055477,0.406314,-0.441280,0.564161,0.937555,2.338819,0.717017,0.160419,-1.792921,0.053097,0.345295,0.773875,0.049408
58.965705,60.954947,53.351053,71966461.287331,-10.527801,0.180237,-0.360404,0.058966,0.542430,0.250127,0.609549,0.577049,0.395453,0.533511,0.489866,-0.035452,0.071966,0.234686,0.035416,-0.105278
57.756844,56.638182,53.940617,75961847.323134,-25.511497,0.167456,-0.445587,0.057757,0.412974,-0.407449,0.566382,0.588631,0.457889,0.539406,0.559621,0.336664,0.075962,0.127543,-0.679897,-0.255115
67.681581,55.957090,48.979278,83283044.948289,-21.241680,0.272388,0.253763,0.067682,0.392548,-0.511200,0.559571,0.491163,-0.067524,0.489793,0.687441,1.018535,0.083283,0.158075,-0.476059,-0.212417
59.080663,53.562948,29.657091,91387272.717307,-32.248241,0.181452,-0.352303,0.059081,0.320750,-0.875901,0.535629,0.111571,-2.113772,0.296571,0.828933,1.773335,0.091387,0.079372,-1.001505,-0.322482
69.924480,61.382863,50.146135,75673273.267850,4.837162,0.296102,0.411810,0.069924,0.555263,0.315312,0.613829,0.514087,0.056048,0.501461,0.554583,0.309788,0.075673,0.344555,0.768930,0.048372
63.439937,62.146579,50.094377,70872613.277448,-20.272556,0.227542,-0.045126,0.063440,0.578166,0.431649,0.621466,0.513070,0.050567,0.500944,0.470769,-0.137329,0.070873,0.165005,-0.429793,-0.202726
52.311720,56.985592,32.172755,96338678.592603,-42.972877,0.109886,-0.829279,0.052312,0.423392,-0.354528,0.569856,0.160992,-1.847360,0.321728,0.915379,2.234492,0.096339,0.002684,-1.513493,-0.429729
69.307118,69.857370,51.759382,68303352.895092,-3.577345,0.289574,0.368307,0.069307,0.809406,1.606239,0.698574,0.545780,0.226893,0.517594,0.425912,-0.376621,0.068303,0.284386,0.367226,-0.035773
68.744342,62.462537,55.630385,70615279.241252,-7.519916,0.283624,0.328651,0.068744,0.587641,0.479779,0.624625,0.621827,0.636838,0.556304,0.466276,-0.161296,0.070615,0.256194,0.179010,-0.075199
61.898371,70.724126,50.209198,81621253.991597,-22.993672,0.211243,-0.153753,0.061898,0.835400,1.738273,0.707241,0.515326,0.062726,0.502092,0.658428,0.863762,0.081621,0.145547,-0.559698,-0.229937
69.885617,71.397327,51.813329,80790942.776597,-16.020416,0.295691,0.409071,0.069886,0.855589,1.840822,0.713973,0.546839,0.232606,0.518133,0.643932,0.786430,0.080791,0.195410,-0.226799,-0.160204
72.346757,74.451177,56.125142,76426704.222671,-21.193652,0.321712,0.582496,0.072347,0.947171,2.306017,0.744512,0.631547,0.689234,0.561251,0.567737,0.379960,0.076427,0.158419,-0.473766,-0.211937
55.115935,58.506990,46.147845,77547185.536264,-25.305403,0.139534,-0.631679,0.055116,0.469018,-0.122772,0.585070,0.435539,-0.367377,0.461478,0.587300,0.484317,0.077547,0.129017,-0.670058,-0.253054
59.336900,70.825109,53.990188,67071440.719700,-2.488084,0.184161,-0.334248,0.059337,0.838428,1.753655,0.708251,0.589605,0.463139,0.539902,0.404404,-0.491357,0.067071,0.292175,0.419227,-0.024881
73.471501,49.507337,52.677634,65691830.482855,-12.070661,0.333604,0.661752,0.073472,0.199126,-1.493695,0.495073,0.563819,0.324137,0.526776,0.380318,-0.619849,0.065692,0.223653,-0.038240,-0.120707
63.346437,60.894867,47.492822,71966461.287331,-4.271623,0.226553,-0.051714,0.063346,0.540628,0.240975,0.608949,0.461961,-0.224942,0.474928,0.489866,-0.035452,0.071966,0.279421,0.334082,-0.042716
67.287274,45.777083,47.999328,73139658.920513,-15.297443,0.268219,0.225978,0.067287,0.087258,-2.061928,0.457771,0.471912,-0.171302,0.479993,0.510349,0.073816,0.073140,0.200580,-0.192284,-0.152974
66.483380,60.387665,69.299677,51296282.285749,3.739191,0.259720,0.169331,0.066483,0.525418,0.163712,0.603877,0.890366,2.084436,0.692997,0.128987,-1.960601,0.051296,0.336703,0.716513,0.037392
68.928951,73.114911,63.977008,57573491.562398,3.731447,0.285576,0.341659,0.068929,0.907097,2.102463,0.731149,0.785800,1.520758,0.639770,0.238580,-1.375963,0.057573,0.336648,0.716144,0.037314
50.672952,59.206911,41.692943,72648459.977148,-28.068262,0.092559,-0.944755,0.050673,0.490008,-0.016153,0.592069,0.348020,-0.839158,0.416929,0.501773,0.028067,0.072648,0.109261,-0.801955,-0.280683
70.975770,59.250980,67.108721,55194821.529031,-0.442834,0.307217,0.485889,0.070976,0.491329,-0.009439,0.592510,0.847323,1.852411,0.671087,0.197051,-1.597504,0.055195,0.306799,0.516866,-0.004428
64.250462,58.923645,49.861878,66430622.991879,-14.136303,0.236111,0.011988,0.064250,0.481513,-0.059303,0.589236,0.508502,0.025945,0.498619,0.393216,-0.551041,0.066431,0.208883,-0.136852,-0.141363
58.004901,63.390053,44.120391,90449298.284602,-25.908426,0.170078,-0.428107,0.058005,0.615457,0.621068,0.633901,0.395709,-0.582087,0.441204,0.812557,1.685975,0.090449,0.124705,-0.698846,-0.259084
60.191303,57.140444,54.976761,74524995.459550,-14.136303,0.193195,-0.274042,0.060191,0.428036,-0.330939,0.571404,0.608986,0.567618,0.549768,0.534535,0.202841,0.074525,0.208883,-0.136852,-0.141363
65.960656,54.177575,35.771831,84354685.827673,-32.737102,0.254193,0.132498,0.065961,0.339182,-0.782275,0.541776,0.231698,-1.466212,0.357718,0.706151,1.118344,0.084355,0.075876,-1.024843,-0.327371
136.500897,64.749889,50.570590,65298451.821192,-4.469488,1.000000,5.103138,0.136501,0.656237,0.828213,0.647499,0.522425,0.100998,0.505706,0.373450,-0.656487,0.065298,0.278006,0.324636,-0.044695
69.544724,63.774782,31.616723,71966461.287331,96.500157,0.292087,0.385050,0.069545,0.626995,0.679674,0.637748,0.150069,-1.906244,0.316167,0.489866,-0.035452,0.071966,1.000000,5.144866,0.965002
61.723073,72.135330,43.248210,76579294.889216,-25.549116,0.209390,-0.166105,0.061723,0.877721,1.953242,0.721353,0.378574,-0.674453,0.432482,0.570401,0.394171,0.076579,0.127274,-0.681693,-0.255491
51.435700,56.491600,52.272945,67509949.888090,-8.937399,0.100624,-0.891008,0.051436,0.408578,-0.429778,0.564916,0.555869,0.281280,0.522729,0.412060,-0.450516,0.067510,0.246058,0.111340,-0.089374
74.613259,60.440793,43.687503,71966461.287331,-10.974501,0.345675,0.742206,0.074613,0.527011,0.171805,0.604408,0.387204,-0.627931,0.436875,0.489866,-0.035452,0.071966,0.231492,0.014090,-0.109745
65.730313,58.475989,45.529852,82348880.028766,-20.794091,0.251758,0.116266,0.065730,0.468088,-0.127494,0.584760,0.423398,-0.432823,0.455299,0.671132,0.931530,0.082349,0.161276,-0.454691,-0.207941
55.411907,52.108444,35.663100,84049524.747688,-30.067570,0.142663,-0.610823,0.055412,0.277131,-1.097467,0.521084,0.229562,-1.477727,0.356631,0.700823,1.089923,0.084050,0.094965,-0.897401,-0.300676
59.591431,66.992412,61.783710,61710206.740815,2.059670,0.186852,-0.316312,0.059591,0.723489,1.169818,0.669924,0.742711,1.288484,0.617837,0.310803,-0.990684,0.061710,0.324694,0.636334,0.020597
61.219709,59.206911,46.012267,75240959.708414,96.500157,0.204068,-0.201575,0.061220,0.490008,-0.016153,0.592069,0.432875,-0.381735,0.460123,0.547035,0.269523,0.075241,1.000000,5.144866,0.965002
56.314349,61.555695,50.094377,86206030.483929,-3.956701,0.152205,-0.547233,0.056314,0.560446,0.341639,0.615557,0.513070,0.050567,0.500944,0.738474,1.290772,0.086206,0.281673,0.349116,-0.039567
58.981630,54.348418,47.184240,78358979.882384,-17.774628,0.180405,-0.359282,0.058982,0.344306,-0.756250,0.543484,0.455899,-0.257621,0.471842,0.601473,0.559925,0.078359,0.182867,-0.310544,-0.177746
56.266660,50.019739,33.155197,83157399.921231,-16.369573,0.151700,-0.550593,0.056267,0.214492,-1.415641,0.500197,0.180293,-1.743318,0.331552,0.685248,1.006833,0.083157,0.192914,-0.243467,-0.163696
58.574382,59.061224,56.540285,62817675.793018,-5.583987,0.176099,-0.387979,0.058574,0.485639,-0.038345,0.590612,0.639702,0.733198,0.565403,0.330138,-0.887538,0.062818,0.270037,0.271430,-0.055840
60.045254,61.899182,58.240340,62736846.904185,-1.396289,0.191651,-0.284333,0.060045,0.570747,0.393963,0.618992,0.673100,0.913236,0.582403,0.328727,-0.895066,0.062737,0.299982,0.471348,-0.013963
45.955920,48.885637,52.732952,72933727.585860,-7.847361,0.042687,-1.277143,0.045956,0.180481,-1.588399,0.488856,0.564906,0.329996,0.527330,0.506753,0.054636,0.072934,0.253853,0.163378,-0.078474
69.727516,73.228790,38.357811,96360587.880900,-14.136303,0.294019,0.397930,0.069728,0.910513,2.119810,0.732288,0.282500,-1.192353,0.383578,0.915761,2.236532,0.096361,0.208883,-0.136852,-0.141363
66.531873,45.060577,63.240392,67238910.863591,-3.981714,0.260232,0.172749,0.066532,0.065771,-2.171073,0.450606,0.771328,1.442749,0.632404,0.407328,-0.475760,0.067239,0.281494,0.347922,-0.039817
56.841116,51.620268,35.145062,82071606.607401,-33.273275,0.157774,-0.510114,0.056841,0.262491,-1.171831,0.516203,0.219385,-1.532588,0.351451,0.666291,0.905706,0.082072,0.072042,-1.050440,-0.332733
51.659680,52.021013,43.063389,79626485.604390,-26.661931,0.102992,-0.875225,0.051660,0.274509,-1.110785,0.520210,0.374943,-0.694025,0.430634,0.623602,0.677976,0.079626,0.119317,-0.734818,-0.266619
72.667519,67.158094,63.655954,58718233.374184,0.240183,0.325103,0.605099,0.072668,0.728457,1.195057,0.671581,0.779492,1.486758,0.636560,0.258566,-1.269346,0.058718,0.311683,0.549473,0.002402
57.157895,57.451564,54.224859,72404779.533564,-21.534746,0.161123,-0.487792,0.057158,0.437366,-0.283546,0.574516,0.594215,0.487991,0.542249,0.497519,0.005371,0.072405,0.155980,-0.490049,-0.215347
67.106138,57.812813,34.451176,83891559.507052,-28.782944,0.266304,0.213214,0.067106,0.448200,-0.228516,0.578128,0.205753,-1.606072,0.344512,0.698066,1.075210,0.083892,0.104151,-0.836074,-0.287829
64.048306,47.205545,49.031714,67645276.909202,-5.341590,0.233974,-0.002257,0.064048,0.130097,-1.844329,0.472055,0.492193,-0.061971,0.490317,0.414423,-0.437912,0.067645,0.271770,0.283002,-0.053416
65.133017,53.835668,53.011283,63171432.686345,-20.235174,0.245442,0.074178,0.065133,0.328929,-0.834358,0.538357,0.570374,0.359471,0.530113,0.336314,-0.854590,0.063171,0.165272,-0.428009,-0.202352
63.744812,62.806735,36.920411,89362761.076898,-25.823046,0.230765,-0.023643,0.063745,0.597964,0.532211,0.628067,0.254262,-1.344576,0.369204,0.793587,1.584779,0.089363,0.125316,-0.694770,-0.258230
66.424221,64.719403,42.686141,71966461.287331,-30.611739,0.259094,0.165163,0.066424,0.655323,0.823569,0.647194,0.367532,-0.733976,0.426861,0.489866,-0.035452,0.071966,0.091074,-0.923380,-0.306117
62.389040,57.594386,57.201251,63181615.043182,-5.871192,0.216431,-0.119178,0.062389,0.441650,-0.261790,0.575944,0.652687,0.803195,0.572013,0.336492,-0.853642,0.063182,0.267983,0.257719,-0.058712
59.374211,54.945079,38.146964,83259436.795166,-26.041173,0.184556,-0.331618,0.059374,0.362199,-0.665360,0.549451,0.278358,-1.214682,0.381470,0.687029,1.016337,0.083259,0.123756,-0.705183,-0.260412
60.552904,61.462626,46.025043,82854924.026253,-18.333493,0.197018,-0.248561,0.060553,0.557655,0.327462,0.614626,0.433126,-0.380382,0.460250,0.679967,0.978662,0.082855,0.178870,-0.337223,-0.183335
57.557142,55.360770,56.388851,67231699.652650,-3.792368,0.165344,-0.459659,0.057557,0.374665,-0.602038,0.553608,0.636727,0.717161,0.563889,0.407202,-0.476431,0.067232,0.282848,0.356961,-0.037924
56.734195,61.252656,51.200263,70235002.387976,-8.159932,0.156644,-0.517648,0.056734,0.551358,0.295477,0.612527,0.534795,0.167682,0.512003,0.459637,-0.196714,0.070235,0.251617,0.148456,-0.081599
63.971031,59.206911,58.049897,65581435.718396,-8.199256,0.233157,-0.007702,0.063971,0.490008,-0.016153,0.592069,0.669359,0.893068,0.580499,0.378390,-0.630131,0.065581,0.251336,0.146579,-0.081993
136.500897,70.176085,50.878888,79474230.780882,96.500157,1.000000,5.103138,0.136501,0.818964,1.654789,0.701761,0.528482,0.133648,0.508789,0.620944,0.663796,0.079474,1.000000,5.144866,0.965002
136.500897,52.263297,34.915924,89105797.248957,-30.558499,1.000000,5.103138,0.136501,0.281775,-1.073878,0.522633,0.214883,-1.556854,0.349159,0.789101,1.560846,0.089106,0.091454,-0.920838,-0.305585
64.185897,54.242559,43.791445,84793971.313991,-15.273386,0.235429,0.007439,0.064186,0.341131,-0.772376,0.542426,0.389246,-0.616923,0.437914,0.713821,1.159258,0.084794,0.200752,-0.191136,-0.152734
60.006159,58.893523,40.716970,87372446.624360,-21.131758,0.191237,-0.287088,0.060006,0.480610,-0.063891,0.588935,0.328847,-0.942515,0.407170,0.758838,1.399408,0.087372,0.158861,-0.470811,-0.211318
62.389040,56.345476,28.513325,90112445.933272,-32.517621,0.216431,-0.119178,0.062389,0.404196,-0.452037,0.563455,0.089102,-2.234899,0.285133,0.806676,1.654602,0.090112,0.077445,-1.014365,-0.325176
56.537404,47.980479,49.782897,71455827.861649,-14.653927,0.154563,-0.531515,0.056537,0.153336,-1.726283,0.479805,0.506951,0.017580,0.497829,0.480951,-0.083011,0.071456,0.205182,-0.161563,-0.146539
63.695377,67.745600,54.705592,61428533.183909,-15.163091,0.230243,-0.027126,0.063695,0.746076,1.284552,0.677456,0.603659,0.538901,0.547056,0.305885,-1.016918,0.061429,0.201541,-0.185870,-0.151631
52.177580,69.203543,61.422101,65333657.668643,-5.841900,0.108467,-0.838731,0.052178,0.789799,1.506641,0.692035,0.735607,1.250189,0.614221,0.374064,-0.653208,0.065334,0.268193,0.259118,-0.058419
58.969922,57.612274,45.592347,73858511.198212,-29.173350,0.180281,-0.360107,0.058970,0.442186,-0.259065,0.576123,0.424626,-0.426205,0.455923,0.522899,0.140767,0.073859,0.101359,-0.854712,-0.291734
60.824377,60.782585,52.956191,84154846.813008,-13.447599,0.199888,-0.229432,0.060824,0.537261,0.223871,0.607826,0.569291,0.353637,0.529562,0.702662,1.099732,0.084155,0.213807,-0.103974,-0.134476
55.945773,57.892753,41.160935,79775358.147290,-23.575587,0.148308,-0.573204,0.055946,0.450597,-0.216339,0.578928,0.337569,-0.895498,0.411609,0.626201,0.691842,0.079775,0.141386,-0.587478,-0.235756
69.039368,55.841032,56.161446,73343544.042973,-12.598658,0.286743,0.349440,0.069039,0.389068,-0.528879,0.558410,0.632260,0.693078,0.561614,0.513908,0.092805,0.073344,0.219878,-0.063446,-0.125987
52.633213,50.267716,57.329522,68689969.798630,-19.357035,0.113285,-0.806625,0.052633,0.221929,-1.377866,0.502677,0.655207,0.816779,0.573295,0.432662,-0.340613,0.068690,0.171551,-0.386087,-0.193570
49.803641,45.494092,56.728323,74255672.745685,-14.828377,0.083368,-1.006012,0.049804,0.078772,-2.105036,0.454941,0.643396,0.753111,0.567283,0.529833,0.177757,0.074256,0.203934,-0.169891,-0.148284
66.163171,59.206911,53.527753,77923822.746964,-22.687178,0.256334,0.146768,0.066163,0.490008,-0.016153,0.592069,0.580520,0.414166,0.535278,0.593875,0.519396,0.077924,0.147739,-0.545066,-0.226872
64.355628,65.400546,44.797813,76365444.902961,-19.898093,0.237223,0.019399,0.064356,0.675750,0.927328,0.654005,0.409017,-0.510347,0.447978,0.566668,0.374254,0.076365,0.167683,-0.411917,-0.198981
64.123033,59.206911,58.097478,69257783.133291,-0.891463,0.234764,0.003009,0.064123,0.490008,-0.016153,0.592069,0.670294,0.898107,0.580975,0.442575,-0.287729,0.069258,0.303591,0.495449,-0.008915
56.358676,56.699266,60.907704,68447689.660825,-13.849810,0.152673,-0.544109,0.056359,0.414806,-0.398144,0.566993,0.725502,1.195714,0.609077,0.428432,-0.363178,0.068448,0.210931,-0.123175,-0.138498
63.443241,65.845782,50.108481,71966461.287331,-10.221637,0.227577,-0.044893,0.063443,0.689102,0.995151,0.658458,0.513347,0.052060,0.501085,0.489866,-0.035452,0.071966,0.236875,0.050032,-0.102216
54.364944,54.808051,38.047218,85998886.176346,-22.449078,0.131594,-0.684598,0.054365,0.358090,-0.686234,0.548081,0.276399,-1.225245,0.380472,0.734857,1.271479,0.085999,0.149442,-0.533699,-0.224491
63.968840,50.186835,53.710281,80631392.412027,-18.563652,0.233134,-0.007856,0.063969,0.219503,-1.390187,0.501868,0.584106,0.433496,0.537103,0.641146,0.771570,0.080631,0.177225,-0.348211,-0.185637
61.149543,57.355530,42.983624,85315198.016332,-25.391981,0.203326,-0.206519,0.061150,0.434486,-0.298175,0.573555,0.373376,-0.702473,0.429836,0.722921,1.207803,0.085315,0.128398,-0.674191,-0.253920
62.061792,58.364680,50.094377,60265688.379310,3.636344,0.212971,-0.142237,0.062062,0.464750,-0.144450,0.583647,0.513070,0.050567,0.500944,0.285583,-1.125221,0.060266,0.335968,0.711603,0.036363
43.367466,43.265222,51.182482,55207766.410638,-4.095309,0.015320,-1.459539,0.043367,0.011930,-2.444561,0.432652,0.534446,0.165799,0.511825,0.197277,-1.596299,0.055208,0.280682,0.342499,-0.040953
61.386054,53.825647,65.452274,71966461.287331,6.296927,0.205827,-0.189853,0.061386,0.328628,-0.835884,0.538256,0.814782,1.676991,0.654523,0.489866,-0.035452,0.071966,0.354993,0.838618,0.062969
55.895519,51.311532,32.771468,85925962.844444,-15.133891,0.147776,-0.576746,0.055896,0.253232,-1.218861,0.513115,0.172754,-1.783955,0.327715,0.733584,1.264687,0.085926,0.201749,-0.184476,-0.151339
74.048039,66.011917,53.624344,67471149.517580,-19.146824,0.339699,0.702378,0.074048,0.694084,1.020459,0.660119,0.582417,0.424395,0.536243,0.411383,-0.454130,0.067471,0.173055,-0.376051,-0.191468
62.490230,58.088479,44.852687,79464775.586048,-29.814941,0.217501,-0.112047,0.062490,0.456467,-0.186524,0.580885,0.410095,-0.504536,0.448527,0.620779,0.662915,0.079465,0.096771,-0.885341,-0.298149
64.333962,53.899345,50.345176,72171767.062155,-13.336475,0.236994,0.017872,0.064334,0.330838,-0.824658,0.538993,0.517997,0.077127,0.503452,0.493450,-0.016330,0.072172,0.214602,-0.098669,-0.133365
67.582456,60.341459,48.320863,72189546.747205,0.230409,0.271340,0.246778,0.067582,0.524032,0.156674,0.603415,0.478228,-0.137251,0.483209,0.493761,-0.014675,0.072190,0.311613,0.549006,0.002304
54.253353,58.220129,59.315568,62755457.081336,-4.948673,0.130414,-0.692461,0.054253,0.460415,-0.166470,0.582201,0.694224,1.027104,0.593156,0.329052,-0.893333,0.062755,0.274580,0.301760,-0.049487
72.637928,62.080077,50.660827,74537899.728654,-19.912634,0.324790,0.603014,0.072638,0.576172,0.421519,0.620801,0.524198,0.110555,0.506608,0.534761,0.204043,0.074538,0.167579,-0.412611,-0.199126
63.357253,67.029567,46.489468,67493802.173965,96.500157,0.226668,-0.050952,0.063357,0.724603,1.175478,0.670296,0.442250,-0.331199,0.464895,0.411778,-0.452020,0.067494,1.000000,5.144866,0.965002
57.111767,48.870655,52.010880,78771065.817816,-26.247927,0.160635,-0.491042,0.057112,0.180032,-1.590681,0.488707,0.550720,0.253527,0.520109,0.608667,0.598305,0.078771,0.122277,-0.715054,-0.262479
67.023184,69.068488,55.058823,72954022.566144,-10.058341,0.265427,0.207369,0.067023,0.785749,1.486068,0.690685,0.610598,0.576309,0.550588,0.507108,0.056526,0.072954,0.238043,0.057827,-0.100583
66.117593,57.097912,55.636259,68285797.772389,-23.359157,0.255852,0.143556,0.066118,0.426761,-0.337418,0.570979,0.621942,0.637460,0.556363,0.425606,-0.378256,0.068286,0.142934,-0.577146,-0.233592
63.890001,47.834321,27.059863,90533040.555160,-24.067542,0.232300,-0.013412,0.063890,0.148953,-1.748547,0.478343,0.060548,-2.388822,0.270599,0.814019,1.693775,0.090533,0.137869,-0.610964,-0.240675
65.738507,56.224000,42.362323,70809351.499270,-19.259604,0.251844,0.116844,0.065739,0.400553,-0.470542,0.562240,0.361171,-0.768269,0.423623,0.469664,-0.143221,0.070809,0.172248,-0.381435,-0.192596
62.389040,59.035730,30.355318,89005728.437832,-34.763620,0.216431,-0.119178,0.062389,0.484874,-0.042229,0.590357,0.125288,-2.039829,0.303553,0.787353,1.551526,0.089006,0.061385,-1.121588,-0.347636
65.174226,69.394564,57.656520,56540119.276917,-1.540158,0.245878,0.077081,0.065174,0.795527,1.535740,0.693946,0.661631,0.851409,0.576565,0.220539,-1.472208,0.056540,0.298953,0.464480,-0.015402
66.549384,55.286941,53.925720,64096979.451747,-8.295318,0.260417,0.173982,0.066549,0.372451,-0.613284,0.552869,0.588338,0.456312,0.539257,0.352473,-0.768388,0.064097,0.250649,0.141993,-0.082953
52.107147,56.539740,55.149731,71966461.287331,-18.643666,0.107723,-0.843694,0.052107,0.410022,-0.422445,0.565397,0.612384,0.585936,0.551497,0.489866,-0.035452,0.071966,0.176652,-0.352031,-0.186437
62.183923,62.274696,48.736619,82732599.285832,96.500157,0.214262,-0.133631,0.062184,0.582008,0.451165,0.622747,0.486396,-0.093222,0.487366,0.677831,0.967269,0.082733,1.000000,5.144866,0.965002
61.318980,58.072162,57.841876,69011036.522376,-14.697981,0.205117,-0.194580,0.061319,0.455978,-0.189010,0.580722,0.665272,0.871038,0.578419,0.438267,-0.310710,0.069011,0.204867,-0.163666,-0.146980
58.640684,63.121192,38.096604,85143023.272449,-28.750305,0.176800,-0.383307,0.058641,0.607394,0.580113,0.631212,0.277369,-1.220015,0.380966,0.719915,1.191767,0.085143,0.104384,-0.834516,-0.287503
67.530806,70.570353,40.439183,75807570.927623,-12.014817,0.270794,0.243139,0.067531,0.830788,1.714848,0.705704,0.323390,-0.971933,0.404392,0.556928,0.322296,0.075808,0.224053,-0.035574,-0.120148
65.128483,66.391471,48.787137,71562054.434356,-18.189057,0.245395,0.073858,0.065128,0.705467,1.078276,0.663915,0.487389,-0.087872,0.487871,0.482806,-0.073117,0.071562,0.179903,-0.330328,-0.181891
54.683788,59.206911,43.678403,80232807.271639,-19.521332,0.134965,-0.662131,0.054684,0.490008,-0.016153,0.592069,0.387025,-0.628894,0.436784,0.634188,0.734447,0.080233,0.170377,-0.393930,-0.195213
64.989602,47.200026,46.694022,76615824.281576,-25.613694,0.243926,0.064072,0.064990,0.129931,-1.845170,0.472000,0.446269,-0.309536,0.466940,0.571039,0.397574,0.076616,0.126813,-0.684776,-0.256137
72.775406,55.714103,61.976160,66471939.405555,-3.374411,0.326244,0.612701,0.072775,0.385261,-0.548214,0.557141,0.746492,1.308865,0.619762,0.393938,-0.547193,0.066472,0.285837,0.376914,-0.033744
62.022096,59.206911,42.793951,67895206.796383,96.500157,0.212551,-0.145034,0.062022,0.490008,-0.016153,0.592069,0.369650,-0.722559,0.427940,0.418786,-0.414634,0.067895,1.000000,5.144866,0.965002
70.304364,65.788889,43.157210,74513473.093318,-13.586316,0.300118,0.438578,0.070304,0.687396,0.986485,0.657889,0.376786,-0.684090,0.431572,0.534334,0.201768,0.074513,0.212816,-0.110596,-0.135863
54.960689,57.750002,40.112351,77580917.127163,-14.325691,0.137893,-0.642619,0.054961,0.446316,-0.238085,0.577500,0.316969,-1.006545,0.401124,0.587888,0.487459,0.077581,0.207529,-0.145893,-0.143257
55.325120,65.745155,52.130441,64364293.250666,-8.415873,0.141746,-0.616939,0.055325,0.686084,0.979823,0.657452,0.553069,0.266189,0.521304,0.357140,-0.743491,0.064364,0.249787,0.136238,-0.084159
63.650980,54.410053,62.395228,56822338.987738,-10.610109,0.229773,-0.030255,0.063651,0.346154,-0.746861,0.544101,0.754725,1.353245,0.623952,0.225466,-1.445923,0.056822,0.234097,0.031486,-0.106101
136.500897,56.154141,58.835717,61367683.201305,-14.136303,1.000000,5.103138,0.136501,0.398458,-0.481183,0.561541,0.684797,0.976288,0.588357,0.304823,-1.022585,0.061368,0.208883,-0.136852,-0.141363
68.064310,56.070972,43.127643,87878635.894407,-23.548261,0.276434,0.280732,0.068064,0.395964,-0.493852,0.560710,0.376206,-0.687221,0.431276,0.767676,1.446553,0.087879,0.141582,-0.586173,-0.235483
62.040056,60.417959,30.559897,94089602.756018,-34.154562,0.212741,-0.143769,0.062040,0.526326,0.168327,0.604180,0.129307,-2.018164,0.305599,0.876112,2.025021,0.094090,0.065740,-1.092512,-0.341546
136.500897,63.293203,63.180855,57248454.683020,-2.994023,1.000000,5.103138,0.136501,0.612552,0.606315,0.632932,0.770159,1.436444,0.631809,0.232905,-1.406236,0.057248,0.288557,0.395074,-0.029940
70.010252,65.020640,31.642614,85656729.667072,-14.136303,0.297008,0.417854,0.070010,0.664357,0.869457,0.650206,0.150578,-1.903502,0.316426,0.728883,1.239612,0.085657,0.208883,-0.136852,-0.141363
57.566449,57.409871,52.708315,70643052.741734,-11.520479,0.165443,-0.459003,0.057566,0.436116,-0.289897,0.574099,0.564422,0.327387,0.527083,0.466761,-0.158710,0.070643,0.227588,-0.011974,-0.115205
57.919964,64.015604,44.775371,82164534.296480,-7.227452,0.169180,-0.434092,0.057920,0.634217,0.716359,0.640156,0.408576,-0.512724,0.447754,0.667913,0.914361,0.082165,0.258285,0.192972,-0.072275
64.052550,49.535610,47.504135,71966461.287331,-27.236790,0.234019,-0.001958,0.064053,0.199973,-1.489389,0.495356,0.462184,-0.223744,0.475041,0.489866,-0.035452,0.071966,0.115206,-0.762262,-0.272368
65.453730,59.206911,39.250932,77794526.461685,-19.222400,0.248833,0.096777,0.065454,0.490008,-0.016153,0.592069,0.300046,-1.097770,0.392509,0.591618,0.507354,0.077795,0.172514,-0.379659,-0.192224
52.894827,61.384276,64.786011,56107146.549407,0.789293,0.116051,-0.788190,0.052895,0.555305,0.315527,0.613843,0.801693,1.606432,0.647860,0.212979,-1.512533,0.056107,0.315610,0.575687,0.007893
68.334511,59.206911,38.014879,86370092.608210,-18.048343,0.279291,0.299772,0.068335,0.490008,-0.016153,0.592069,0.275763,-1.228670,0.380149,0.741338,1.306052,0.086370,0.180909,-0.323611,-0.180483
57.495268,59.206911,39.405008,78054102.227051,-15.994823,0.164690,-0.464019,0.057495,0.490008,-0.016153,0.592069,0.303073,-1.081453,0.394050,0.596150,0.531530,0.078054,0.195593,-0.225577,-0.159948
60.683264,52.785938,49.503582,75164940.285071,-17.188411,0.198396,-0.239376,0.060683,0.297448,-0.994264,0.527859,0.501463,-0.011999,0.495036,0.545708,0.262443,0.075165,0.187058,-0.282558,-0.171884
71.923580,55.102756,69.668511,52713879.061559,-7.311263,0.317238,0.552677,0.071924,0.366928,-0.641341,0.551028,0.897611,2.123496,0.696685,0.153737,-1.828571,0.052714,0.257686,0.188971,-0.073113
63.345047,56.381680,63.743453,59149172.876114,-5.362685,0.226539,-0.051812,0.063345,0.405281,-0.446522,0.563817,0.781211,1.496024,0.637435,0.266090,-1.229210,0.059149,0.271619,0.281995,-0.053627
61.024727,67.753390,44.966190,82620821.728628,-28.778839,0.202006,-0.215314,0.061025,0.746310,1.285738,0.677534,0.412325,-0.492516,0.449662,0.675880,0.956858,0.082621,0.104180,-0.835878,-0.287788
62.601125,61.531090,66.668913,56669837.572570,2.994899,0.218673,-0.104233,0.062601,0.559708,0.337891,0.615311,0.838683,1.805835,0.666689,0.222803,-1.460126,0.056670,0.331381,0.680981,0.029949
57.889440,55.381842,54.016822,75644094.852388,-13.365758,0.168858,-0.436243,0.057889,0.375297,-0.598828,0.553818,0.590128,0.465959,0.540168,0.554074,0.307070,0.075644,0.214393,-0.100067,-0.133658
62.389040,58.722088,54.028414,65939403.102333,-2.406158,0.216431,-0.119178,0.062389,0.475468,-0.090006,0.587221,0.590356,0.467187,0.540284,0.384640,-0.596791,0.065939,0.292760,0.423138,-0.024062
54.614596,48.918596,42.695950,78497777.858478,-19.349962,0.134233,-0.667006,0.054615,0.181470,-1.583379,0.489186,0.367725,-0.732938,0.426960,0.603896,0.572852,0.078498,0.171602,-0.385749,-0.193500
74.577267,69.519909,71.025956,55981402.193852,15.045910,0.345295,0.739670,0.074577,0.799286,1.554833,0.695199,0.924279,2.267252,0.710260,0.210784,-1.524245,0.055981,0.417553,1.256289,0.150459
55.723873,61.328062,48.066130,84779930.608594,-23.324968,0.145962,-0.588841,0.055724,0.553619,0.306964,0.613281,0.473224,-0.164228,0.480661,0.713576,1.157950,0.084780,0.143178,-0.575513,-0.233250
72.980796,49.334266,43.424637,95353457.926869,-34.322169,0.328415,0.627174,0.072981,0.193935,-1.520059,0.493343,0.382040,-0.655769,0.434246,0.898178,2.142732,0.095353,0.064542,-1.100513,-0.343222
136.500897,60.862295,50.498395,60523664.864795,-8.337079,1.000000,5.103138,0.136501,0.539651,0.236013,0.608623,0.521007,0.093353,0.504984,0.290087,-1.101194,0.060524,0.250351,0.139999,-0.083371
72.862750,60.446422,42.551894,83651020.317647,-21.587238,0.327167,0.618856,0.072863,0.527180,0.172663,0.604464,0.364895,-0.748193,0.425519,0.693866,1.052807,0.083651,0.155604,-0.492555,-0.215872
60.102871,64.349835,59.134316,64512645.293769,-13.520090,0.192260,-0.280273,0.060103,0.644240,0.767273,0.643498,0.690663,1.007910,0.591343,0.359730,-0.729674,0.064513,0.213289,-0.107434,-0.135201
136.500897,50.461714,58.963674,68131062.398686,-5.005096,1.000000,5.103138,0.136501,0.227747,-1.348314,0.504617,0.687311,0.989838,0.589637,0.422904,-0.392668,0.068131,0.274176,0.299066,-0.050051
56.698937,53.053300,50.420951,89590992.320285,-14.241779,0.156271,-0.520132,0.056699,0.305466,-0.953536,0.530533,0.519486,0.085151,0.504210,0.797572,1.606036,0.089591,0.208129,-0.141888,-0.142418
