绕组温度,油温,油中气体含量,绝缘电阻,局部放电量,振动幅度,噪声水平,负载率,温度差值,局部放电_标准分
58.14387309594254,52.272184041822484,41.41689563722941,85936893.12427878,-28.710819161644203,67.46422680401159,73.00335225262036,58.85341911804294,5.871689054120054,-1.248890771305375
53.11191453968554,55.12504180270124,45.74186662794756,69511943.10780594,-7.355796268821962,64.32914936789653,60.1105762016399,48.9828098636505,-2.013127263015697,0.6779877967813879
61.00053951779764,56.11226178511087,,52359269.690564625,7.223966331625746,66.78447212523957,71.63811788744266,58.8429181685575,4.888277732686774,1.9935299164781204
77.72693323338474,80.85569933941338,57.40204355175441,76992500.03903666,-21.542677621996795,62.153807730421924,71.08075287421616,81.54153912573321,-3.1287661060286354,-0.6021043747241043
58.48694423555715,52.04494380551827,46.07550847847617,79671827.07622306,-24.356938593697187,60.882615990284414,63.18750125183986,61.91869619976506,6.442000430038874,-0.8560370995255926
67.54170302663951,63.378255397376336,49.42303222596825,67422606.32167947,-8.807810497271603,58.88249514930054,63.32698789639589,67.02873739871211,4.163447629263175,0.5469715430691497
56.78326018241492,56.48947047253721,21.56511426215937,96648527.61459775,-28.747724608238514,62.42493520470406,65.37534030370303,52.29154728884151,0.29378970987771424,-1.2522207754194024
60.93363450857956,49.65436385184716,51.755246447196825,71216817.5575947,-18.44059972477563,51.988280976343724,58.87212300232259,61.77899446916024,11.2792706567324,-0.32220172855554463
136.50089740286836,50.81934904247424,54.86044129433046,74781273.91218676,-19.800575016356028,70.67208892685925,,56.41367059153758,3.5930374496114084,-0.4449132449807791
48.86308732449177,50.100183671904496,35.855209103891205,96665483.46293662,-47.06394192322136,69.57390843292006,61.85985730391702,47.34976083371839,-1.2370963474127237,-2.9049058027214656
56.32677202623418,57.11717535530311,,74646053.42097986,-13.025174509867462,70.27070943842307,69.49736386995063,,-0.7904033290689298,0.16643585502627978
78.40952009938907,67.94025646416674,41.97908038196074,79306585.16004236,-31.306634207241913,56.681487951195976,70.81305336704905,82.53030671112403,10.469263635222333,-1.4831129682649753
50.47733109727492,52.54141973631548,39.68914288411996,78701659.14639068,-32.30742061652511,134.40711476097863,,51.50386017397366,-2.0640886390405626,-1.5734146220238414
68.48005516719645,66.3058067459652,53.37044261464256,50911531.62587078,-0.8411599882898457,53.267722898908644,60.59442499599343,,2.1742484212312547,1.265807959318279
63.03124147611668,51.891535862138326,,71269071.3942674,-16.23164560495993,62.2692590548028,64.73266099073375,74.54335954635894,11.139705613978357,-0.12288626199191612
136.50089740286836,65.26770281143543,49.095090912538055,69685773.84454015,,61.93166061872919,68.67455796819996,61.19900133505256,-6.211921359226196,-0.09059808862339896
55.63365619089584,63.52394233849526,39.29537843841759,92383424.01173581,-21.734673627895063,50.558067597200406,52.856829936367944,47.04889410355067,,-0.6194283078699675
60.687033541875245,49.530628153419684,70.9092364845416,56927742.5468559,0.46647299873918513,65.49630483906786,69.63326902930942,63.25039697779519,11.15640538845556,1.3837965931996505
63.711098859812914,57.509548874551214,54.972652155731225,63790160.40135428,8.468187275736945,67.4067693005736,65.42839846807198,60.72416980521907,6.2015499852617,2.105796837623795
67.89024063106054,65.13745829122563,43.487582104560545,71008989.69175175,,62.83452865565266,64.5011210553085,66.24420211757503,2.7527823398349085,0.372197548617376
,69.40803206405079,,59164176.6930849,-9.820235144817403,44.99294092078983,51.83940830671179,58.90343153489444,-9.681874877656583,0.45561976297742734
70.33261472625435,68.1970896920685,55.12292778860994,60891337.517004125,-2.2229179260266108,60.04086827514586,64.77549184059147,,2.1355250341858465,1.141130979580475
,40.90905708354368,61.3253367178551,59685370.24873122,1.3150995744060623,67.10391912576023,,51.516281505091584,7.143838867957307,
62.315797519448175,,43.078267885839,81314845.96098222,-16.951197027588393,61.82362073373981,64.40145562970093,69.09670341171952,12.466781220803199,-0.18781188730534748
69.14468711245283,61.59786610689189,58.39211611389242,57992425.76224562,-1.6036223144790682,59.45756155042585,64.70435472892977,71.99010500006335,7.546821005560936,
69.29381052833297,70.20708815478874,40.55582457150436,72465071.0422159,96.5001565565682,76.57819444828786,77.25783146140968,71.67243671842796,-0.9132776264557663,-0.49585675396835144
60.1154283193127,,46.49852874699022,63726896.735637315,-13.615242804321078,64.93882800827868,65.43960636958296,60.38274183459913,3.622525306841986,0.11319358242387757
59.655894152109006,60.12312248074846,31.81103110393868,84886525.28751417,-14.957146532940932,62.167854886053775,60.48720119161882,61.460821492915,-0.4672283286394503,-0.007887324306613583
58.86229069886025,66.31335065097994,48.47177456515667,70387697.81586272,-10.677906764379323,71.78465225477086,71.0420883731617,53.37490752360216,-7.451059952119692,0.3782314562317764
61.40318215306683,53.233833865077884,40.2660077380897,77046432.6967455,-21.278758428373045,62.64952383062156,62.30602604725257,62.21416620809056,8.169348287988946,-0.5782907623270287
58.79799873448857,66.85175345515064,60.73056192800087,66968762.17077494,-7.8465208449487704,61.80611680982067,60.620303048060805,61.782834015453005,-8.05375472066207,0.6337093769773975
60.99573216004661,53.66957225177312,,85982000.05941702,-28.669955449960874,66.07975611433666,69.91858756403093,66.21154008872729,7.326159908273489,-1.2452036101793829
67.92029359177288,69.69430470198648,51.969993426207026,63894450.61365397,-11.697002923020278,71.81081476063352,73.43349349429646,67.51118060123486,-1.774011110213607,0.2862777010538867
,50.72194773696288,60.13118925472532,70409922.06328776,-12.766062397923498,54.44119758366728,,75.9581904500753,20.183342020224224,0.18981572110005188
65.48816331162928,66.31422833064637,,68535350.55031417,-17.563811755380094,54.68337923465993,61.956467832720534,68.39906403741567,-0.8260650190170935,
68.13055210763697,59.21430226391511,56.70981811136898,,-13.705637916588934,,67.2709030490835,72.74150679443376,8.916249843721864,0.10503716857394094
58.32108903470736,57.11259809660512,32.5634850821821,97694681.8783211,-31.958338556635397,57.21120997459708,62.61179827799264,54.88328709760752,1.2084909381022442,-1.5419167049726195
,69.40803206405079,,59164176.6930849,-9.820235144817403,44.99294092078983,51.83940830671179,58.90343153489444,-9.681874877656583,0.45561976297742734
64.07891201437957,62.7341556020939,49.59599260651495,67347191.83110029,-8.562571136631881,58.79246693281915,59.50644224756817,60.29955242447559,1.344756412285669,0.5690996611442098
62.140448700976656,60.743404315444664,21.647042666531398,100389739.80418323,-32.76325667744293,75.6191432220662,73.02231621457332,63.01012504020281,,-1.6145450268354828
74.22003005243265,67.91356534119937,46.716483322670356,72343930.30008653,-9.114347133841768,59.69679350593465,66.49705636773587,69.15613696504037,6.306464711233275,
70.27153828543425,58.54135137876803,55.33043392296531,64695653.34688171,-0.5006864736820873,,,77.4157628249851,11.73018690666622,1.2965291213414474
55.0113918390202,64.55199586323036,50.28755122726872,73257314.73464224,-8.959048062395475,52.13924864150936,51.37862456301997,54.475082903588095,-9.540604024210161,0.5333252723819494
63.47622193454477,53.2596940026851,60.51908049726405,57076361.03875321,-0.46565005906957424,62.571898125669605,64.63800504465888,69.32540782380534,10.216527931859666,1.2996904813998411
63.829077499363095,55.44769249762672,39.07727122043711,86343427.84802872,-21.036672023003213,71.52399437725695,70.26812747821732,65.01995265186446,8.381385001736376,-0.5564471375988584
57.41074655084997,57.69574625519391,53.97556795594756,69008499.35936856,-7.878057188816825,64.03552614202103,62.196422931611366,56.67504997313013,-0.28499970434393873,0.6308638307365834
67.62906940676241,53.08429596857075,34.46961468710767,,-10.002657874384937,61.556926942509065,69.058767461161,81.23167093003524,14.544773438191662,0.43915963321312185
76.1508166532572,60.9957952139923,37.15441985641135,79903216.29184152,-24.048544736398185,61.16048941226585,71.86392599285237,81.78305336792197,15.155021439264893,
87.21355049702261,58.18124053527426,36.98801928198219,90479516.97049537,,75.60837895868164,86.08082553849971,103.37078835995821,29.032309961748346,-2.0006465241394666
45.32159729369393,35.4243295965534,55.725072427946614,60235563.13744787,,59.522430285906445,56.93074690298523,42.28497603974353,9.897267697140528,1.3634517434099112
55.241454167961514,57.51556582833433,62.77217867062475,58232121.44697501,-6.216383171909406,72.63919597080843,69.21749727473653,54.260116531515045,,0.7807978329802305
64.41124825909945,68.58240416182448,45.82741368427909,77772213.18786526,-33.44504702578495,62.65936081337361,65.1223429732825,60.889072201579665,-4.171155902725033,-1.6760634441531348
68.55969848561021,58.462103258495404,58.737961520750915,70915463.51480657,-19.950806732036284,70.48590487587877,73.26951381452537,80.39129718111302,10.097595227114809,-0.4584687571731115
53.33524295399977,52.19300786040272,60.62558141012305,67219761.15226504,4.912810585500736,66.17704134270312,67.60762130913325,51.97874511770779,1.1422350935970442,1.7849927260911373
69.32505110825814,67.36021253734124,62.205672836274736,69077947.16156432,-1.237174661461907,77.34246660862358,74.69461067422631,68.36459834593312,1.9648385709168963,1.2300752799288501
70.95403814990655,54.12742309275012,69.02838708085825,54204033.64669069,-6.174115421682231,49.87754108445298,61.9791673191674,72.73549652760512,16.82661505715643,0.7846116814805458
,55.501520682464545,55.98767562658871,53964814.2324589,-19.40871643919298,67.27245858863658,67.01027763813836,54.1120905361614,-0.1602415221601987,-0.4095555730248178
45.72818468146505,53.81654426518827,38.46357052076539,80087603.93903793,-26.8137534811964,,67.07450141505498,45.15892647800684,-8.088359583723218,-1.077717215545037
62.37337519599899,55.64855413402169,,76208657.04030667,-27.48881788882725,65.20079383050462,63.68434024163897,58.42074779677188,6.724821061977302,-1.1386287465544127
71.8538003025376,55.413628577658024,37.25433055235647,90604812.52169889,-29.916633105481097,69.24993393397958,74.09591469495331,82.22090486316448,16.440171724879583,-1.357692202104142
64.56436590513755,49.39898253044954,67.96344787547045,52692805.88003309,-3.1757923486145643,62.021749530261694,64.79882119414481,67.07407952830965,15.165383374688012,1.055152457704017
65.52769245822982,65.95683339724032,32.12536428282827,86725281.16315031,-28.072266086093364,72.30683851259803,73.35952919060111,69.57985500376111,-0.42914093901049455,-1.1912736831832937
56.01134078135955,62.923689050203265,47.43397494350981,74249170.5542753,-7.878911061745811,66.15889974008826,67.32039936621459,59.226087042920646,-6.912348268843715,0.6307867851883304
56.86585514117228,57.96081933568273,57.081126222753184,67950333.29310194,-21.951092472425998,66.15149149272911,67.01838446882448,60.9939881484113,-1.094964194510446,-0.6389559307317966
,72.18656146880775,56.80964493173309,,,78.80090048163294,80.56516776487389,68.95886453479613,-0.10561922835996995,0.7572877759830025
64.78634324656306,,53.90648079493262,60981004.18929202,-18.749868303567823,64.08078889035926,65.71383360931351,65.8680122326986,6.798278055382468,-0.3501072475169702
78.82569115101107,54.30458392355119,54.55542695006284,68811347.66964853,-16.97682458460536,67.0441122121115,75.03297579786614,85.42221832745321,24.52110722745988,-0.19012427959901315
61.041168046150034,54.22365603032476,64.47739848378431,52769766.03231323,-2.1356536703204725,73.38877198509859,74.14780635434823,59.781315852537055,6.817512015825272,1.14900489406533
55.66803762639775,60.22802766556392,53.13266540562992,64555770.98612566,6.429015003508688,57.42805572961982,57.2265668031497,57.726878129700246,-4.559990039166173,1.9218009052516458
62.45493718605314,60.6282761004796,48.06929761823655,76813958.5403837,-26.364011566831017,65.08130812860246,,61.64537377789776,1.8266610855735337,-1.0371366898153151
74.08873542411611,61.8773087503529,50.43057015329334,68603894.7155333,,56.94065439801398,66.82768652235363,79.1456545725411,12.211426673763206,0.9228716001588841
62.771714707069144,61.00601070556948,41.18142866474574,72939288.04942754,-20.121893864562963,61.55079464292674,62.944891500491316,60.41640038459827,1.7657040014996639,-0.4739060681324869
55.071131247977405,50.37313134344573,46.85021495909197,78190863.57767627,-18.059745569335853,61.919980043524745,62.04891069250243,51.109096462068386,4.697999904531677,-0.2878369932252747
56.811636524568236,50.29980721801283,44.09217564031942,73317888.96899167,96.5001565565682,64.93716201086471,65.69938584563198,60.32403517360039,6.511829306555406,1.05777368944751
69.52486743941756,73.68924527650584,34.964334356929264,96797483.63468939,-27.448531695331532,75.21358720835353,76.97937155059473,73.42943673760053,-4.164377837088281,
45.42780840375082,59.83099156972614,44.85310289643235,76634275.57506925,-16.930615477470226,65.0637791697033,58.965350675754266,44.39635093370299,-14.403183165975321,-0.18595479972367002
74.32118581029134,62.70992685650939,56.64864218922423,71111038.55894123,-5.171510340190544,64.47148323857874,74.0572816337177,78.83540323150483,11.611258953781949,0.875077435297675
54.66980485739865,38.59897446674102,54.1589704272281,65128127.484970674,-12.59515130803021,71.63651143280316,72.3829919396635,67.62913703443061,16.070830390657633,0.20523714761017833
75.80617726513758,59.33271708618762,52.69410955024644,76014878.85093535,-13.03855755620637,62.48975099366421,71.15640672694119,78.24488888588155,16.473460178949956,0.1652282934471806
56.978848942578956,49.28455981575316,50.60172118015463,80980642.1569855,-15.335688748209684,68.08531985263954,63.60026080147243,64.9618716669073,7.694289126825794,
55.97342199912606,62.042611596308504,49.954774671274365,60025632.51723753,-17.239675034254113,70.43849261177432,68.45592326571969,57.24366961306042,-6.069189597182444,-0.2138414584839108
66.86332950081355,75.49265634569525,43.3858677842871,67396551.53063248,-14.003623214646588,66.54703254175098,68.41292182756335,68.03973795378974,-8.629326844881703,0.07814974788074043
61.226207989273725,63.17090050369413,57.260847972472234,63140029.794795066,-5.150005864391545,53.82409135680031,56.25529736103482,65.00152610586314,-1.944692514420403,0.8770177991054309
57.62323789267562,54.426442844053526,42.631073521949645,79593616.96094182,-18.344812534910943,70.19350156038637,71.6358920963956,62.80470847538841,,-0.3135587837938436
65.13019538624437,58.08912271132204,62.168256624211324,56271496.073185444,96.5001565565682,63.004768789294275,68.57264549676336,66.90570087885104,7.041072674922326,0.4166618003909854
67.58437633183674,68.0945486378075,51.52508392909146,72637402.01354057,-14.871724559485145,72.97592105498178,76.71267172953488,72.04086334592567,-0.5101723059707695,-0.00017964023051939395
55.23509471948622,57.44054626957255,41.31065501656488,74096120.27157512,,134.40711476097863,68.6823335006956,54.153438273110076,-2.2054515500863303,-0.0903705310688495
65.83341668972885,62.209535256643456,63.17218240260793,57674847.76581234,-4.6245378760633145,59.415635400128686,61.86288852712925,64.4960045568651,3.623881433085394,0.9244311411564785
52.516305800733164,50.92828242516133,49.202333253866115,67049959.99142035,-14.042763763036014,71.46558761163283,66.79396361697691,50.34118543461456,1.5880233755718365,
58.38429770302398,54.193770113565435,56.627235131956084,71819724.59139912,-4.301555926106175,66.12037566073461,66.30622671472952,54.19928543301967,4.190527589458547,0.9535740271357983
55.163114659003774,47.32842091023064,44.47706012879557,73610123.493653,-18.818261391263093,60.93925180185975,61.22669249399528,46.89018142527982,7.834693748773134,-0.3562784033872638
70.92774786642248,67.02066900807017,43.97838206184606,68332403.66388118,-20.179785119936,63.51791027840475,71.11471518822266,71.84613215330086,3.907078858352307,-0.4791296363682969
50.16460317495518,60.963419346064626,,78731230.93846004,-22.744727165473165,67.6771522787207,62.057545220509155,52.96582963245748,-10.798816171109443,-0.7105661410601922
66.86332950081355,75.49265634569525,43.3858677842871,67396551.53063248,-14.003623214646588,66.54703254175098,68.41292182756335,68.03973795378974,-8.629326844881703,0.07814974788074043
65.18798051151929,55.1714649202198,50.21803788455425,68168973.6220807,-20.767490535931643,61.16482514971615,69.11787163381452,68.49408699792018,10.016515591299488,-0.5321587048040488
60.133221522601694,62.92019004366768,53.46127466914189,,-10.204783035827639,65.57172058792403,68.46731429558058,56.80482124040079,-2.7869685210659867,0.42092173931763344
,63.551238161345886,48.39706198375106,,-19.257960006947044,64.74197928491395,69.1778125823463,65.7774530187212,3.1750693656120674,-0.3959527152918227
81.66563057740112,70.54081703026638,,68684743.06312685,-7.715296807358101,73.1459520840192,80.38442820377918,86.19183809562512,11.124813547134735,0.6455498131558228
,53.60007589203498,42.76606456998628,69349634.74650303,-6.060933212262128,75.10961928344686,71.34417118160513,53.893475720320254,,0.794824190955008
61.160428087326416,43.41941025977773,42.71321818644041,76448894.54646519,-19.326880709561173,63.84640787704831,67.60131132151793,61.60351111757715,17.74101782754869,-0.4021714782232023
54.83323184455654,60.64296639545571,37.24326989161413,74319140.04091443,-22.435490222244653,75.90994028537463,71.94292927664507,45.83727505363847,-5.809734550899165,-0.6826634765976801
,68.30101831277102,52.66125665611408,,-3.394203252934936,52.93066269532024,55.30963700188921,63.65588384479694,-7.234441786375903,1.035445089901905
58.965386433264875,55.129130350959144,45.77247417034823,66006335.5437179,-11.939879430957305,64.33630503484912,64.68200695513427,64.35052188711599,3.836256082305731,0.2643627848215604
60.49079450954784,61.053668199040814,54.09399514780407,60532625.62788152,-12.266994673861717,62.70095622055916,64.34884378847293,59.38279672373717,-0.5628736894929744,0.23484694894489339
54.68695356295102,59.83189187218364,57.84919023369167,51161266.54396459,-12.448234732731585,71.72741546287283,67.69997659276744,48.492272017603334,-5.1449383092326215,0.21849353238018848
63.60608800761887,63.13981762721848,44.234326007502865,74272078.5067106,-12.676107315615972,54.18194616712448,60.59918032786631,57.0777112678643,0.46627038040039537,0.19793243074062605
58.52073454421318,50.59752296985439,43.99197171194305,77639911.68353714,-13.69100260021721,75.07980056907721,69.92579162828343,57.63474051675667,7.923211574358788,0.10635772334905767
54.02559968629217,68.64863782011163,50.69739553077991,63935075.46680108,-11.742706768043561,66.91733264624597,69.79209447387751,49.58451468428895,-14.623038133819463,0.2821538113303068
68.74211692209337,63.096885099238015,62.250345576879255,59689324.969258845,-9.850691190956873,68.84485504040258,69.13013755255115,62.49395397432181,5.645231822855358,0.45287169275201306
,65.7887836605494,39.68463370112062,80412751.26875176,-35.45192210650194,69.06113189397568,,58.6247880603632,-5.985787280196448,-1.857145178472451
67.70912922811891,59.20691052379994,53.85130565136272,64256122.77617711,-4.432626130352318,71.7774428801984,73.6575547834914,69.30559825825272,8.50221870431897,0.9417474714470411
67.057017150437,57.8973332931721,78.99052739386009,49267562.07992168,7.905741708793833,60.17091863691934,66.29725805924097,64.52510677197505,,2.055046982936336
54.89935283044291,53.36272399878972,52.202340224668404,66240137.83652487,-6.75836080268477,66.4026647206244,69.53124651716195,58.03883148381947,1.5366288316531893,0.731894814408684
57.45718950267767,58.05294969663842,48.39337322266478,82059947.96902467,-24.72650042574174,64.18298240824949,64.23958205701318,53.3825028943913,-0.59576019396075,-0.8893829206620746
68.78752816402317,69.57920523328018,69.070480733839,53440935.18408844,-6.297233872717875,68.02240512108699,73.31073711471694,70.67264167460326,-0.7916770692570054,0.7735026180144345
51.618500510682246,51.93597251121294,39.82233983722661,71631273.37959336,-32.100167477056786,69.67874876162803,68.05874051916916,55.090451847220464,-0.31747200053069236,-1.554714027104581
73.32286584510018,60.365362935772815,39.09801166435979,76996383.82832006,-28.42159065757989,64.5544188639726,72.44842970887996,74.92226851596735,12.957502909327367,-1.222793482224564
52.97272392034755,69.66005312488039,45.996219889208504,71247705.57499906,-21.741863848543616,65.73649836910741,64.5953799689684,45.78065486193521,-16.687329204532844,-0.6200770864799015
62.920026220835524,57.078438217985415,34.20308037910412,89874686.55740926,-26.080678567921453,82.41101420217959,77.78399357810167,69.96520194757625,5.841588002850109,-1.0115713562649544
64.8448325140257,62.50184587180772,43.65502054818672,78758498.8695061,-35.82991394025193,62.461249964618645,64.68117264360446,63.03334319511245,2.34298664221798,-1.8912516445259
56.817487917572066,60.78497017713145,51.61072211921811,69296024.52031617,-0.5458046165982466,62.5706309415687,64.77839291848377,55.67377140900636,-3.9674822595593824,1.2924580799263505
57.06263311516528,59.97914265519707,59.78053419040717,,-5.432599459079768,74.50667651528255,73.51062233419769,59.36720510505469,-2.9165095400317895,0.8515191825122191
62.315797519448175,,43.078267885839,81314845.96098222,-16.951197027588393,61.82362073373981,64.40145562970093,69.09670341171952,12.466781220803199,-0.18781188730534748
58.26397578632016,67.51166882851352,35.93428237374222,88504792.9505927,-21.268901810585476,66.25406314303322,67.10558812487699,55.159490599576976,-9.247693042193362,-0.577401392848756
69.84676209647169,63.972280549464145,36.92084064049623,71213402.10211818,-9.364498238989555,59.532039089071986,,67.44175448440514,5.874481547007548,
58.40831208252229,60.821664692918546,56.11704290120638,58955498.032282226,-5.012280216971547,64.3403211609961,62.478190300931544,56.59282983071982,-2.4133526103962524,
59.30231504771362,54.335254283027396,,79627394.57488364,-12.969817427768952,55.323539420572715,58.01491136438144,59.23935633394033,4.967060764686224,0.17143076304500593
46.580104680120805,59.85369294050706,39.800715156048426,98428621.7875097,-45.441915981376425,67.10575919410194,62.56341759361239,42.25871798699719,-13.273588260386255,
65.10959256666395,66.60899709196947,41.77003160107206,,-14.250149921941052,74.72768153857884,73.93640920934465,69.7527977688157,-1.499404525305522,0.05590547162167046
65.10390473294399,67.67394448239382,64.30133503006562,47811753.4551873,1.417442999923658,67.86129402234334,65.95809738672015,62.163402097305124,-2.5700397494498333,
59.266426538167934,46.16712450754899,63.255609727056694,64898976.66597001,2.309571010180022,60.98733132619022,61.04050329660154,57.589551571276296,13.099302030618944,1.5501006086508526
63.13255181359929,,42.29910605094278,81239553.28603466,,69.26394359803831,70.4899516225291,65.63101171794386,-7.387340673120576,-1.2552630137796759
63.9653362467129,62.115799547247654,57.25591616969362,66385797.147194706,-7.063149098675851,62.54054903734979,64.10587363711723,67.40635804742462,1.8495366994652471,0.7043935544804497
70.73381325685044,59.11576299956176,47.55477579519344,70976895.24831225,-11.819333880773776,75.49469938959193,75.73391186339869,75.5513459174021,11.61805025728868,0.2752396936543269
64.57828407761123,44.91198217272705,47.327023362147976,73352874.11293612,-23.328659146063117,,59.913230907152595,66.69330873318404,19.66630190488418,-0.7632547297948556
51.89944068128174,56.893800981314094,49.35966294479077,57974975.759241,-9.784318263134004,65.14073207884792,63.933582753421774,55.06860629454618,-4.994360300032355,0.45886056819199406
61.21053035503831,68.2827214751314,66.98646179167204,65299630.32326269,0.16815114922670915,62.88644436581231,65.71522910550473,60.37268788004426,-7.072191120093088,1.3568788052346092
69.8356640341405,46.7299430574841,61.66243849875139,61486392.701646164,-6.546769736973864,53.34883983224387,66.05630772042906,77.42298848077073,23.105720976656407,0.7509868234298506
77.09821292121102,60.89303232114893,54.08201674859136,61427997.41356123,-12.378073604395844,66.60826259753702,72.96052026720119,85.44865402546681,16.205180600062086,0.2248242197871481
63.45147836450515,58.235327267360134,58.084622895566,56746905.4543814,-7.858890986500974,55.37639654310893,59.28752806350399,68.47500262425555,5.216151097145016,0.6325932105016804
70.94130403885845,61.56737284673187,44.980213669951624,65692235.126089744,-16.29984067698507,59.63077496230559,63.92372648839225,70.1116600456998,9.373931192126577,-0.1290395507705736
136.50089740286836,50.7352401220193,50.93249122582726,72050366.45675866,,61.85571313891439,65.35328465418615,62.69169396723866,7.13229190415948,0.6429520346459315
60.13856961924233,52.91296243914605,54.914968848391474,67820684.37817283,-7.1556268098444775,72.08472151490945,70.74037867592907,63.36368104296516,7.225607180096283,0.6960492262832442
73.77740085100447,76.21278002286033,45.92328102857396,67720660.19351982,-11.91872814568913,61.810606598094445,72.54756238528599,79.57100575274656,-2.435379171855857,0.26627128000207523
136.50089740286836,57.15843074072912,47.520623910405554,61429672.9757726,,76.67742173042636,77.21323203901449,55.53150992442975,-5.678106320974955,0.37221634416394517
61.327467631552004,60.52714090226837,44.63721921263411,63139979.1076197,-0.4384616669781778,60.80363024999408,68.70444581539454,67.7078410833683,0.8003267292836327,1.302143708927837
72.20269376046811,68.73952602678952,50.2358886486437,76298241.93087362,-18.68793014437218,70.81261301335269,68.74760564398314,64.94389106695958,3.4631677336785884,-0.34451852433461566
56.738878123389576,,77.1177861748369,50904553.77290199,6.7019653814616404,55.79863460853079,59.632290282864204,65.61504018425059,-1.1777218268638308,1.9464294076919548
63.05497007650871,66.59699169798385,50.7187052513531,78986722.19100136,-19.551646994646177,134.40711476097863,72.7758408388097,62.59129115051553,-3.5420216214751434,-0.4224522964518891
47.69850575731245,52.2973644104581,54.03200893203106,75768942.8426757,-17.79969472403309,52.90103604312956,54.87364525946281,42.86833218482845,-4.598858653145655,-0.26437242458764676
136.50089740286836,42.867424634274535,36.342725698730085,88242364.3571325,-16.55187198060706,68.72383932345419,68.11012852339184,62.8458242577203,14.212763484665587,-0.15178051058473563
54.13361279240288,58.158429589294435,37.89832637057561,83103767.21055004,-36.088821168212675,78.479634900593,72.52638611837142,57.122728920846974,-4.024816796891557,-1.9146130237753693
66.09182268793133,68.0121152104651,34.24640472774777,85879422.13034937,,61.011296991477444,62.09651901132941,58.68407897348506,-1.9202925225337708,-0.9331505072488948
47.682131272165314,50.19699478011889,50.634115653940306,84679131.0804099,-14.776209229702687,80.39250347790922,68.80986363830796,48.333649973005606,-2.514863507953578,
64.4676910923866,59.228899075593716,,58120788.90989672,3.5258162793663956,54.38545958473416,61.08663677768778,65.07724991878894,5.238792016792885,1.659843265190914
54.13268887963285,52.91135735067726,66.03467500845173,64476147.61637506,-4.28814509278574,54.38628961064421,53.83361081564138,50.81341229583216,1.221331528955595,0.9547840959535665
64.7404769996074,58.03296335878092,73.23935761292881,51211429.840929605,0.8454111249169358,55.16755338896929,58.76090154234066,65.31506164465414,6.707513640826477,1.4179884438770052
59.97181822731251,54.26450529292601,47.70672060838281,61249183.663804874,-5.76819267277493,66.80510601847301,64.63785474102328,63.418109711809414,5.707312934386501,0.8212383734346547
61.83757301644148,60.01504847235996,48.04410118866336,69238248.54706155,-16.506382515158677,81.23925355463369,80.77898739233302,62.18243930523425,1.8225245440815243,-0.1476759644793004
60.04694553682102,62.30477017338651,46.9223509063469,64646059.80097147,-8.840407281263644,70.34320174134469,70.22419607555751,51.50789280696543,-2.2578246365654877,0.54403031257841
69.93015157889869,60.30562977395476,47.4232799646113,85355106.0749597,-22.230743127373124,60.20159344426031,64.96266325373357,74.96784899082103,9.624521804943925,-0.6641890038253478
57.10536201287365,69.01284654044892,37.89501493399636,,-21.69380773826594,58.90292719343231,55.62520121020934,55.39826536042236,-11.90748452757527,-0.6157409502264116
51.00231189709373,60.15482197056651,42.695500511588904,82469196.78429243,-14.300264561390023,134.40711476097863,60.064407563368164,51.42085389603829,-9.152510073472776,0.051383592849343115
64.24620703526533,60.17836830608732,47.52407070267367,93916610.06605338,-15.663691440953059,,61.54845911789097,69.6332642561205,4.067838729178007,-0.07163936276015218
72.03921191223839,59.58037866128755,54.371715156485806,78284859.36378251,-16.568722597169057,59.7638288237399,66.80361265283445,72.56121600159491,,-0.153300953436767
54.70944345992351,65.75248524299127,53.119859178228296,80032968.23784144,-14.818550721328442,62.26191030881592,62.892829730967456,52.6085378030654,-11.043041783067757,0.0046182721688862866
53.611815460271295,53.97992781686438,56.89623247832647,74164884.59225284,-9.787952776516512,75.78012830076975,69.63563333271847,54.516094372932564,-0.3681123565930875,0.45853262352167795
60.30911512959173,56.84613731440716,48.979292594183164,76060715.42624192,-12.282437189663291,67.9273596695144,67.65625340661468,55.55084340237024,,0.2334535600038122
46.955113204630344,55.957470635518305,38.301789873251664,79203258.73291276,-13.405729436146572,62.52119818872618,58.367114947462326,,-9.002357430887962,0.1320981193512914
55.2502647013841,59.129689580794526,59.52890940918823,64508111.96705473,-14.298291229432188,64.125777798587,,52.15515921230677,-3.879424879410429,0.05156164796435547
65.52144728978284,50.89711361399033,39.138959323932724,80208580.94392104,-19.78480027737279,59.82676134419474,67.04622958285152,64.99117027379518,14.624333675792514,-0.44348987931095424
56.95956000026275,,58.311054684468886,58028140.80231501,-0.5057896472889638,56.24402875311259,60.244532436193126,60.044739755757355,8.008831922725776,1.29606865843763
69.11561059090818,65.42847335438091,71.13782913109328,65197294.90893813,4.082782708647713,60.612006265431226,64.86776073510937,65.92178669854914,3.6871372365272634,1.7100987334763966
63.95210381974894,64.72264870617698,51.68405514325465,68597948.47191893,-16.618635330764732,,,66.09328560424834,-0.7705448864280413,-0.15780461410352553
60.93632267174788,,65.60000139057375,53630790.75492312,-3.0625308651083216,62.62055510108795,60.66550339524609,55.996954805661915,-11.11184688923678,1.065372120134407
67.4574152173609,68.51265160196577,50.03939698242652,62424883.80003645,,68.33478524460992,72.32667847770085,62.311604613623736,-1.0552363846048678,0.4858686309180425
136.50089740286836,61.258889414242624,49.01477811391939,74319661.95885678,-10.827971235194681,62.20529778640891,65.07787878309021,56.80713426933496,-2.254449693746608,0.36469103465992286
,62.929320452488874,68.2614993044512,47391516.46562767,1.8735989227160914,60.194724622283054,61.631182842992914,68.0139609975224,0.7978380226813471,1.5107625439793952
46.30552037003513,54.582565496468085,54.31331875305128,64597190.7265682,-11.637346353106423,53.48890074709609,51.71855951734694,44.301911606381,-8.277045126432952,0.2916605548484951
67.05307581696438,70.29590642854384,50.764168143154876,63393538.42572763,-16.632863400900774,78.12554077567492,84.06953773850823,67.1314119216714,-3.242830611579464,-0.15908842276755603
,69.56572856343708,58.959834621672684,69140055.70933367,-12.424877727416586,64.30602221692858,,73.14894157903748,-1.9681596737614342,0.22060105121461163
64.10764871084453,57.75896872875797,50.914452546452395,81973951.15026426,-21.346456928938608,65.10086317533587,67.22888791972963,74.45650391382131,6.3486799820865585,-0.5843992451175218
61.81025809290927,58.40637524170924,29.93312583020948,101185544.40313296,96.5001565565682,64.82871249482082,65.87656742899195,59.73578380638272,3.4038828512000308,-1.1578071300914656
71.3891833420613,54.56253733320551,53.23817400155271,,-3.583925915646894,60.87875846538695,70.73716957668053,70.50496864193151,16.82664600885579,1.0183262820928578
63.819162059362604,60.583903848438155,36.98688744062275,81894281.58635046,-34.01535129767052,52.72677039243147,55.180026760992696,69.691714760233,3.2352582109244494,-1.727522395253299
62.77252652963718,58.394724580253424,54.868733377673536,71297948.30971618,-13.862964303472566,60.232923322878705,63.659429727490846,62.16803615362789,4.377801949383759,0.09084149926456782
61.46046669980497,49.97619983557731,54.37300232994427,66101971.45335643,-20.754331535315345,63.21043627789276,,67.62046350698823,11.484266864227656,-0.5309713590263252
66.37480471762562,54.41995128317251,53.25944997944051,70209861.28508794,-23.260887694406115,57.86023330598863,70.54940339958436,65.9974838890401,11.954853434453113,-0.7571396645766443
52.545694550675385,72.819536712388,56.098367138335696,71978914.72605589,-16.265763038540832,61.72441064539114,55.84713846903957,48.38116831130349,-20.273842161712615,-0.1259647017526743
51.181115253135665,60.946987855390795,59.248080658021145,54626904.69032049,1.6068519706731124,64.65961200332144,66.86494729715719,49.57135790785706,-9.76587260225513,1.4866937809734402
67.8623055744084,,32.795531589649784,88298131.3643272,-28.173324020647215,67.16805683646656,67.93121204731895,69.16219397206513,6.446078034891869,-1.200392210904113
59.62224028536019,62.95092041476444,27.10299069869,88684876.23244245,-27.196445339701512,63.87613240551674,66.37147202879163,61.01674970155477,,-1.1122477681010188
58.58011047353986,52.75760628327716,36.092117155521784,68790174.06314446,-5.6054396203035,134.40711476097863,69.07575488262597,59.82036437729588,5.822504190262698,0.8359236945542732
73.79377168343682,70.14806191018496,24.34266917063799,89295156.57560728,-20.192448249152527,73.23342378092397,77.59764876652574,73.08564593267346,3.645709773251852,-0.48027223932473956
70.78146152590392,61.6256734815357,61.57207796586354,52922171.70810963,0.7557669764465231,73.57897512346683,78.83322484216484,79.29870142299147,,1.409899790012809
69.68486255273893,64.69499962809702,59.164784952173825,65409939.89295428,-2.5389057749121804,70.41443855637353,77.79772388589198,74.10665180639238,4.989862924641912,1.1126191762052562
63.7277415014202,63.07731894016584,49.131925404458116,73273337.9823755,-16.892059635025085,64.93567679215062,64.62821096755421,64.0142051332517,0.6504225612543593,-0.182475879244168
61.327359517474136,65.63552598134919,73.37560992546267,42800939.921593286,17.36756919600854,66.93815968266219,66.58641483076342,55.60071876452113,-4.308166463875054,2.908794257830442
55.16414389203765,52.79587899485824,29.216374787596113,93696020.35244003,-38.851305224418184,59.11036577456129,59.55410740333286,49.856501148471004,2.368264897179408,-2.1638738814807907
57.15597447861856,54.895032191498736,45.73748342297701,79715666.0802665,-22.836444415810647,60.10650413426931,64.88435297374859,53.766775157384146,2.260942287119825,-0.7188418523477011
,59.936844251244814,60.39129509256456,63435954.1693999,-16.291568761383957,55.14211192897465,59.09497374126105,61.089728101108236,0.3594231418375813,-0.12829317007274882
48.13071711538631,47.86146234690882,41.36837115283315,82881577.77651095,-34.47133424987618,66.45141507583504,62.61516737014442,48.64687828552131,0.26925476847748797,-1.7686660541680048
61.81021063647949,67.72861823806761,27.049008515454858,92554033.7305795,-33.05820732393729,55.81941252860862,56.473360178070756,55.51507858006198,-5.918407601588122,-1.64115862880752
62.2310171479742,59.02092143084265,27.186519498936526,86496423.4924621,-26.970972837487082,75.9265205322684,75.12617783706371,62.443076477476275,3.2100957171315514,-1.0919032274095681
55.267462455641684,61.77499422502829,45.428375196327664,79282711.54555017,-25.89020265052271,51.84586988118879,55.16015779297054,53.38884221365721,-6.507531769386603,-0.9943845817616285
71.2234397546191,61.68849110948083,54.80473306457005,64598399.646077186,-27.16623455139674,65.4722375662759,68.66720766205216,64.80756325453581,9.534948645138265,-1.1095218276606067
59.11585027842913,61.376942424090494,45.21688799607246,86387537.12648018,-19.279090202458207,69.24366761026381,64.60254576592197,54.41993581403094,-2.2610921456613653,-0.3978593075288943
57.63149166838169,60.48573038256972,37.88505711838526,70875097.37333421,-10.90200336111976,59.45062399685328,61.929112850414874,56.4870000904152,-2.8542387141880283,0.35801106444818953
53.92091129658141,59.81543859842211,58.754582142310916,,-7.15881803548384,71.89704799248827,69.68113456432422,56.96984488890526,,0.6957612797742998
72.54300562570188,54.615763043534386,48.73260382319889,78215540.9898299,-18.263405638758428,65.2003465400877,70.162214130735,79.35391988384914,17.927242582167494,-0.30621338293531913
53.890770295536335,,23.97783197122542,91631902.78606522,-47.26849473883275,78.65588906752447,72.27507067876093,59.50895166633535,-6.870407728723357,-2.9233627455410343
67.66996125563948,55.41492710299323,48.71536799311817,75701989.61175548,-28.222558386477843,56.96786091240065,61.84693945585607,75.56123468041223,12.255034152646246,-1.204834661975625
62.81811559276176,57.197424168694184,40.282983917014334,68117973.83543693,-10.258819382979311,80.18256937987557,80.8963988300937,62.40626674764414,5.620691424067573,0.4160460021317346
57.44144227181058,52.38047736823208,51.41782109438816,67380525.31362163,-19.801280899738245,52.08997279954202,55.6720896241421,51.178218323838216,5.060964903578501,-0.44497693732930005
55.29819969241906,61.143418511437595,53.85068516318171,69112174.12330928,-8.797863052832056,72.55702406961173,70.97030758938803,54.55163954427426,-5.845218819018534,0.5478691078994006
59.47525610575016,52.011780031133675,34.881167804478906,81975613.69802794,-25.517647179624,60.019608052613776,66.30729239456036,,7.463476074616487,-0.9607686425092531
43.26605444888343,63.66974040597661,38.870184791728654,75877335.92193355,-24.637955862528457,69.77525668281777,63.324535607308455,36.48251733884556,-20.40368595709318,-0.8813934831403932
71.98684498795872,61.120893707451145,38.90608531131235,78085927.3984414,96.5001565565682,64.12774343164297,68.6527503054564,67.4433722690403,10.865951280507574,-1.036915340983975
69.62206414121897,63.417334272179644,68.98634951893499,50887481.211514235,,68.0858875431123,70.65120348800791,66.87513934716972,6.204729869039326,1.2432844177853448
71.95555574292942,63.3500670293093,50.08801508101554,76013856.29071864,-14.97663138520997,58.554862548865685,69.4568916076353,74.53510418296187,8.605488713620119,-0.009645456078608321
68.94867798016124,70.20447562212357,56.2620793469293,77996536.21251011,-22.388125819240962,70.78863113535407,74.93261422175883,69.30568161325691,-1.2557976419623316,-0.6783897535726061
61.947709014626355,55.46691545090921,,82271792.55527274,-24.75145217969517,51.9947624392738,54.2970655033171,61.31301973510431,6.4807935637171425,-0.8916343347752947
,45.853296366359444,59.41457303900387,63736290.681763455,-17.673054910035553,67.13552018859224,67.99794246600992,66.34344054387569,16.74607603819876,-0.25294562609236804
67.18876544753454,74.71639989845751,30.36452156943441,83855865.51112364,-30.875989752894853,134.40711476097863,62.565851727937,63.551252260843334,-7.5276344509229745,-1.4442556196350342
63.33492684867708,57.75550213374183,42.40703079630957,72383771.13754652,-14.10363958185436,63.17009758161873,67.39202983216046,71.40433601973204,5.57942471493525,0.06912520150597035
60.63462699657165,49.049790730267574,43.91460742406485,74432278.47510383,-23.47369156432182,72.80557640731253,75.07979786611905,53.02004299520292,11.584836266304073,-0.7763411057647178
76.02516019021141,69.88411745085726,34.33532140905687,86287583.63599166,-33.258099957753714,58.57596030214532,69.18985908674904,80.57324907266613,6.141042739354148,-1.6591950801825615
,61.749863066133464,,100497670.23504207,,69.35367813963747,65.56204835810861,48.231497617071426,,-2.0253227130906706
79.48377425765769,57.3293806681304,70.02307712795614,57166262.326868765,-7.161503307692627,,70.01205283004303,91.42950051364504,,0.6955189857952879
53.00203322249197,62.24671762440948,34.73067795826873,83632637.89388128,-18.78732736303646,66.05573456015806,64.11379319181611,54.23110911335752,-9.24468440191751,-0.3534872045056872
63.04849559261748,55.886179768675554,51.0678901737806,62893766.92940538,-13.69417963164728,63.96066347328941,65.57949236778923,63.715790276716874,7.162315823941924,0.10607105759348981
65.17135729121631,64.37050944132378,56.030974283266744,65423323.605982244,-2.6383525987838397,55.631476610548354,65.11310539267524,61.712853885647014,0.8008478498925342,1.1036460201218223
54.86417597468811,52.53640711814798,50.628362944127595,73235252.47239062,-10.547075888262086,64.12662043621376,65.31304736840261,53.845583103861856,2.327768856540132,0.39003641717700915
48.527340007799744,50.679789275855505,60.31750349407858,59844371.70141609,-1.5418646342243747,65.68564872272997,64.35495766401317,52.61704357459868,-2.1524492680557614,1.2025828917739176
64.00255559121723,58.63814692849378,51.20820638284986,64009435.51615978,-9.61259724533118,76.74973356514825,73.45902135035567,68.10695214708582,5.364408662723449,0.4743550750607047
65.9079397138243,46.62565183583462,45.8078154559652,81586432.93816409,-30.664712280389878,65.8866994304591,67.92689845295695,,19.28228787798969,
62.89865388749451,68.300683621717,63.50845403203354,59274734.06729155,5.5788623575413965,48.94008572112721,55.618863593737444,57.679567455622724,-5.402029734222488,1.8450910407229015
60.64563312973189,46.18318016694672,53.226092753546915,78984539.96820307,-15.072684664272167,66.12672995052445,70.38827898378702,56.25026764609835,14.462452962785171,-0.018312410253666284
68.72797323071498,59.40986040892261,51.81045676860104,62256502.15335786,-11.38062080420125,61.885226371664714,66.29990650270906,74.10525150886849,9.318112821792369,
58.675073604056905,46.01198379629763,49.08456755447526,71845175.9615273,-18.13061606833508,63.20861620546598,72.04289941048074,68.06091052193995,12.663089807759278,-0.29423168764056956
68.65286609021845,60.03821652912423,58.42269411570561,61169375.9677772,-8.105767058591752,,65.17015368391782,72.24037883747985,8.614649561094225,
58.13309758331785,58.67238565631996,56.79993313271777,67887566.75722454,-14.708578685803786,59.77780949134491,,59.65482563743104,-0.5392880730021119,0.014541125420078994
74.31039806469828,70.01684407515883,57.76172676523801,66894043.63269089,-24.539368116923512,70.52778658231009,77.13153120475647,74.05925525021901,4.293553989539447,-0.8724978422864558
60.701500136576314,65.79484800251521,47.87863942145693,82226602.40582903,-17.01634310383463,57.367447270259916,60.95083885299803,61.02017489534142,-5.093347865938895,-0.19369006307429085
76.75706502449738,74.50759551140851,53.294754685711894,67975466.50364186,-8.3824588465517,54.04554273317358,62.527474265719064,74.86759593619004,2.2494695130888687,0.5853513183466555
48.979814437727526,55.69009920613567,40.030063475725726,80320324.62075514,,76.87158350868891,71.90927632293052,46.92066585226079,-6.710284768408144,-0.6698999420844345
136.50089740286836,50.81934904247424,54.86044129433046,74781273.91218676,-19.800575016356028,70.67208892685925,,56.41367059153758,3.5930374496114084,-0.4449132449807791
64.44508085534143,62.06221742726324,37.569313622752524,93600937.21275677,-32.11240088665677,56.759916169930435,66.54444612894264,64.7260983512333,2.3828634280781884,-1.5558178561611522
75.28258859135309,69.05980549395589,31.722555274759213,90323548.83378208,-28.97990982074935,64.1871236040904,66.18253505706201,80.1172495557731,6.222783097397198,-1.2731710086296029
,,58.852532468584315,61810573.74450171,-10.661780618362336,71.348293020238,74.03324227506768,79.28196620997691,10.715001687164147,0.37968652960266064
53.88976505597239,50.79003776194975,57.09815463444019,61213398.403762326,,55.98346259775171,62.66025837377451,59.29624639248589,3.0997272940226424,0.8779094047562785
64.26126114323999,52.22861608985754,44.80904437728819,73418150.11117023,-17.293997278080553,,72.93006301571062,74.1215916426301,,-0.21874299232561575
53.48591601613451,51.03921977800404,47.0977076242856,,-16.460600411425233,71.52128625800765,74.12988205188944,59.235931013931975,,-0.14354501341787357
69.58045286482427,55.96124782170615,48.99228714625893,78951267.25099276,-18.79526755335388,64.19512408937926,66.34348116741198,64.7556582612266,13.619205043118114,-0.35420365340044857
57.196383072307746,50.65904029426101,43.15231207065137,86643620.15092342,-21.696976313018766,64.11248397781749,63.07937344766234,58.69045318237027,6.537342778046735,-0.6160268529301103
,68.21104028090039,54.43939057434744,72840246.77782495,-14.202434074218601,60.39051356015271,65.66674986824347,69.28318280936243,-0.44129155348825577,0.06021090574814874
50.545698729048475,47.37983666931792,36.12970189064697,82671844.97616382,,65.05740611447219,66.34058056801487,47.34903184242212,3.165862059730557,-0.8052619481224272
63.32171167542332,57.733620710701985,55.63625334602288,64813688.490391426,-9.1532726912463,63.97691401129066,67.009469360995,63.97412084963762,5.588090964721339,0.5158002490370645
62.04952134041942,63.691450221449266,39.82216156244828,85712004.0967988,-40.9164534225488,65.39893031112291,65.55654539593043,63.208975343323125,-1.6419288810298482,-2.3502136397134255
41.91847355318366,57.6448880061663,,,-34.019722242463786,68.0854853564498,,30.88461612982595,-15.726414452982638,-1.7279167886419975
49.8026773898922,55.85984843320413,70.73385031236401,43908268.84765258,14.220366147620098,,56.7784558959439,50.04473722675859,-6.057171043311925,2.624819937887413
50.65004920988425,62.35537568573107,49.13908748374489,73757196.74878421,-14.615432342909884,56.23912855237594,53.816013826908524,48.43948998629785,-11.705326475846817,0.02294578472289099
,62.66844882704277,46.927784477780094,72264574.54503827,-14.047714669114242,,,55.82043777082349,-9.794325175969455,0.07417134527841623
71.14005309215877,74.04168190020708,,84201368.20138353,,73.86286257443135,73.53905492018617,71.0856388884602,-2.901628808048315,-0.9070909961515992
60.713756501417116,58.49905225554009,,72593371.74849567,-18.575657716493723,80.3025184798746,77.40077090116169,51.04327687646036,2.214704245877023,-0.3343881050814112
50.45860154806731,54.90320023913222,36.10107268587027,86718276.10671523,-25.67041233468403,56.749362770668384,56.168756323916625,51.813293557271145,-4.444598691064911,-0.9745527486988355
62.03779637899142,66.91705074932689,28.72883627390801,96148822.26364641,-27.351718367083464,61.31211926865989,64.17255459724255,53.15368502848571,-4.879254370335467,-1.126258161354439
66.5282808437438,62.84398051415405,57.637497737934595,65191835.34672347,-7.836255235348098,64.00717503783386,69.04411739428657,66.89339808550794,3.684300329589753,0.6346356500714212
64.59461263879265,61.463577458640806,60.514183299143156,55626025.666299514,2.300089485962488,65.99294424656924,66.3417483376771,68.7392732092828,3.131035180151848,1.5492450841262828
72.41877432813443,73.44981358221442,45.56024710239009,77563008.25443515,-24.207336578525165,75.52459181919876,78.0492648658646,70.96870137425267,-1.0310392540799853,-0.8425384056480762
55.43422755488398,57.77087201528648,52.899150206202506,64413023.4109807,-17.423348444617453,67.62701255586481,63.56173544621947,56.53012585241335,-2.3366444604024963,-0.2304144380462733
65.38716428465997,74.39194819252333,61.726594957100204,65457885.21544372,-8.143236867267198,51.45350918419754,54.948300325073774,64.51948213446157,-9.004783907863356,0.6069364839169316
63.63829130967665,67.93035868834939,57.884085306533805,57427403.001704395,-4.647179625010075,,60.05845747035808,56.1626592722569,-4.2920673786727335,0.922388160401624
136.50089740286836,67.14698258177161,35.51781785878468,84412963.56443113,-26.32068547932289,67.20603605094269,72.7590470275264,72.80524531097468,6.288668917547653,-1.0332273468060638
68.70685056315423,62.915665300071176,43.941682827310956,82202104.3984497,-22.20744170829464,52.371100675194754,60.64403516941951,67.48572769654272,5.791185263083058,-0.6620865005757057
72.16337322993449,67.67145148537118,57.4505424938891,60727804.46584452,-13.151538175115093,65.24789269266306,70.13509392340741,72.92257206103118,4.491921744563314,0.15503397362476698
58.633170458835416,65.90846052564773,50.525634878202524,65308820.87058103,-14.807192346756544,64.12041276787282,63.53912066752171,57.57386797555904,-7.27529006681231,0.005643146206284248
73.54608809730897,60.20234977617655,56.2049490886291,68931670.74221888,-20.252826437725844,67.39675076397448,75.68905734879533,77.21481887374253,13.34373832113242,-0.4857202052728786
63.11961709606922,47.39295993426518,48.10708337679988,64974744.40838731,-11.882405100602888,58.1021570323023,62.48919221545714,65.2860532932534,15.726657161804042,0.269548733622968
59.816082735965416,56.565219518197026,35.1135895204483,79456684.97600678,-20.469998392563305,67.36308033320894,,,3.2508632177683907,-0.5053157818014555
66.18968409776231,45.04717909346958,,70715398.92346309,-20.619180421670094,56.04452375524683,64.20356046331564,64.46618639197673,21.14250500429273,-0.5187765800442047
62.45090988165765,62.20266748095054,37.99970723033779,82037048.0929913,-24.181567161864187,68.26561426658112,69.77410488499837,,0.24824240070711312,-0.8402132132600678
45.59847772354726,47.078494631369,55.467825135825066,59338879.686880216,-13.302473653534456,77.56730908413132,68.16585290912906,45.90181870533295,-1.4800169078217351,0.14141496043101634
80.37151412930663,67.6751698336951,58.29920684650402,,-15.665445839333998,57.21637058000844,65.70164042636745,82.42152448105294,12.696344295611539,-0.0717976633462524
72.70610141519145,54.37316856245643,47.365856992576475,77307370.10193944,-6.5918636063550125,53.568133979654654,,79.48909783075678,18.332932852735027,0.7469179722327
51.45620202645973,64.04042511739824,46.78663765421556,72881750.35402659,-14.064259163827536,,61.29050389129332,46.67404226681358,-12.584223090938515,0.07267852401370169
51.83513311842416,39.64266281096339,56.29314085542742,69804863.23459272,-6.532128967874719,77.28366564706633,74.90283771012497,56.33285686761321,12.192470307460773,0.752307870208355
61.295192107186544,56.131693815216835,,,-24.276498767651944,78.44881322706242,74.14443543548349,58.02203389244498,5.163498291969709,-0.8487789580754467
61.447034487822464,63.91725535566491,38.09481061095056,81286248.27994609,-14.566989064977342,66.41090569839378,66.26328695652396,59.56916124281053,-2.4702208678424498,0.027316855383155158
73.63940547068555,70.35251094518257,38.131275373344295,84190183.0292004,-28.414122827700425,60.954913937670526,66.57085546823846,76.0687900975633,3.286894525502973,-1.222119654740647
57.322055592869674,62.623818427081076,44.979431752170555,72932620.63042296,-14.168966980298002,65.84269849371293,60.04082087018464,60.964053998162186,-5.301762834211402,0.063230664909045
69.50421718661104,55.20049466694408,57.31013721221,67744906.17470418,-10.828795388125613,62.84962181731186,68.09548136562982,72.32900479299407,14.303722519666962,0.36461667076776466
56.70413499742122,53.929488624254176,49.392478715149736,79108117.0313693,-24.190992026134445,,68.96925445501138,51.731474674477866,2.7746463731670445,-0.8410636253181879
63.561842831480675,62.4293529416513,40.76501846884865,92416070.46790849,-29.510230340585032,61.22080051747983,68.57641791170268,64.9258224668372,1.1324898898293725,-1.3210221979735148
71.48328671101858,67.09637345653508,55.204975299421534,52472609.5351512,-4.396529998635145,66.86307020557287,73.60701892154599,80.47874084584761,4.3869132544835026,0.945004450516824
63.439602257555144,60.234733721149205,55.418767456361934,68257850.99859414,96.5001565565682,,69.99063562028262,66.71856511847088,3.2048685364059395,-0.37635818270900995
63.22197351947004,60.844872453714245,53.69440062438829,60356110.10236968,3.6177917171028042,64.15632268686964,70.10931631269372,65.35862856045881,2.377101065755795,1.6681422729069981
71.12185021301634,,65.6143535776667,58198255.85849966,-6.171041529203826,53.01065058186506,60.9969750050483,68.9015021732194,6.425950150577677,0.7848890409367716
53.18400881105838,65.78171187262048,45.97555895679709,79486468.03661923,,44.20512496293527,48.847320918473265,58.74905120394408,-12.597703061562093,-0.1976511989935177
,65.1163833044793,45.97598362741749,74307288.02418943,-7.334963705688914,,70.27722696962567,66.65789009709569,-1.023335885235781,0.6798675334419783
80.27786729235484,58.2173305908963,,85397923.18654005,-28.264202081289305,56.49690929117086,68.89467436904867,85.98562081194122,22.06053670145854,-1.2085922015217485
68.79082004026796,64.86396671562952,61.28667923045899,51611326.0699745,13.808629585116819,66.71864520579472,68.90791750534294,67.67051343455913,3.9268533246384436,2.5876686614890185
67.22220971165343,49.606180244961585,57.87806760763485,70300471.27221519,-9.375514645775674,67.96297264668678,71.50714017659102,72.55593325082572,17.61602946669185,0.4957472029100899
55.16414389203765,52.79587899485824,29.216374787596113,93696020.35244003,-38.851305224418184,59.11036577456129,59.55410740333286,49.856501148471004,2.368264897179408,-2.1638738814807907
72.33787781776626,66.81401919413649,67.30832991906642,48064208.45820758,-0.14475899321808328,81.82897815733291,84.76243495602377,77.23866569623048,5.5238586236297635,1.3286447054520938
62.003302021034756,55.50159854668279,50.45998533532111,80522985.09745437,-16.585597623290056,71.16764275512483,67.72775251787155,56.26817269943567,6.501703474351963,-0.15482359878028415
58.678268634256206,54.845783685734325,74.88034787383917,54192352.05806886,5.3717021389813695,81.76543091176184,75.91391352767971,56.56425831376,3.8324849485218806,1.826398830121823
56.24646741241636,44.914402645789416,52.359320153684024,75329656.91442485,96.5001565565682,68.67702449236391,68.03764009128894,,11.332064766626942,-0.8448416757955906
57.299150356115604,54.0649290658374,37.0818049375025,81113096.80763377,-15.773001678463586,60.80003636204834,63.163044691004146,,3.2342212902782066,-0.08150250151624804
74.239304461657,69.99654630263299,50.64379870292955,69072206.20875229,-9.753323787829565,71.42189636113719,75.38766722726966,70.207484900334,4.242758159024007,0.46165722125544223
55.00171890134147,,47.34921359721298,79533753.18970852,-22.23796029716766,72.3616225104246,70.31871356583278,62.20485913266692,3.375901378095506,-0.664840214075467
61.89443034950546,52.30563252801949,,59818403.41633552,-11.383197856334675,,68.43933684546862,62.14802264255769,9.588797821485976,0.31459255047307244
62.80040914814889,69.35629988325819,63.658893122517576,63839169.821901605,-6.310001455131115,58.29049708271335,60.693391535064826,65.43837469445243,-6.555890735109301,0.772350590173405
58.3438399533051,59.75007196777368,,68335178.30416174,-21.584372293689327,,63.600900087692075,66.4786709737866,-1.4062320144685785,-0.6058665139496612
68.83199788551286,83.29443256389372,50.09437740692551,76334138.94716978,-17.476576850674036,65.92208510278226,69.69517233011449,58.05327729283482,-14.462434678380859,-0.23521727414523727
72.56634121149514,61.663338712652035,54.696462679775124,57971438.075266376,-10.057323299965844,70.8139399565226,,69.15813234507705,10.903002498843108,
54.297679133665085,,54.308559592157124,,-4.225599111859275,48.47456646622724,52.345230015844656,48.5825915000324,1.8984685504248304,
55.71394119915084,54.73679026528567,49.88096617515603,71357207.50956425,-23.880725539846736,134.40711476097863,69.56613944467425,57.408729192545174,0.9771509338651683,-0.813068064469395
71.73738643320512,71.38272024385722,49.39533402062425,63014926.29481085,-15.05540011353201,72.2634675257124,73.45711314095006,70.92174020021841,0.3546661893478955,-0.016752813218937176
51.1572098349283,62.65505285642,41.36425548874153,,-18.384079093662677,68.07131281391004,63.93018287770807,51.40325352686937,-11.497843021491697,-0.3171018326999943
62.57038873324154,68.70387498369858,57.723593905160186,73697620.38921523,-2.0000954569355045,57.8879553207446,60.65204202519999,60.76075490443347,-6.1334862504570395,1.161236405940104
46.6359144908094,46.025659427605234,47.790072612153395,81470224.10915597,-23.15607923780818,54.3920053016533,54.58547168326584,47.20461815806928,0.6102550632041641,-0.7476827246432904
,54.046496634396576,65.64337828383509,59911465.7451608,1.2610389349635227,71.13570182264077,69.53616714677769,60.88409066156869,5.182992400538943,1.4554908302476042
67.42324976628484,,64.06384388568114,62885668.44123646,6.088185466757494,,61.55949717852826,63.43546108584709,-0.14066386187923285,1.891047619102861
,56.67527518007443,43.163219460698954,75388928.76591772,-3.8959464181661474,71.25356856505256,67.0427036083147,65.79241226574032,3.579424115189809,0.9901724551395703
55.99580993215734,58.395202791417056,50.53921858490412,59965370.79131874,96.5001565565682,134.40711476097863,68.64839983288245,54.565851783521204,-2.399392859259713,0.24963573034844583
,67.35627332738387,61.31662076679296,70366427.285828,-2.2705871968728246,67.67179747184166,70.50491298619107,68.15768731766096,0.9964314261912506,1.136829748117934
59.86950646066458,50.10747494061702,,64528082.24245042,96.5001565565682,65.65082716270123,62.75889636804594,,9.762031520047564,-0.7114602917374226
48.921524494012395,,75.8178494543287,50812225.19870343,15.322396426949979,62.94634625034417,62.391940618968405,48.59757915422361,-7.904101410533642,2.7242568964559357
,60.1301742401409,48.39006247825732,71794746.41645257,-13.290689488394342,73.41584195973134,73.9495656611487,63.451674858642946,3.158822075435154,0.1424782538475227
69.8217732819598,57.71853035857936,55.28064441389015,67799429.87877156,-13.87975806830186,55.56560428634211,,77.27638128614726,12.10324292338045,0.08932618618391858
52.74106118057398,,48.887006519960266,73905391.03531873,-14.02301378863428,69.27707620833655,68.07787970662416,58.1543249341986,-8.930459640799668,0.07640012290364225
57.29386593615358,62.550087397465795,49.31600963912476,69506751.83122723,-17.72883145375186,67.8673961467503,71.20827538746916,56.31229241633581,-5.256221461312215,-0.25797838242460436
69.6138860154979,60.07463485636057,47.280370904870125,66538673.52639267,-11.541095560655137,59.79618881650616,66.22463900879055,67.60613701246287,9.53925115913733,0.30034533079402165
61.62843793197741,56.83189446873791,46.17898535129166,79345245.3666077,2.4015785425226355,56.272948920752995,61.96589450667382,71.02457598628662,4.796543463239502,1.5584025122855765
63.595972565820404,56.34230979443446,41.4204115002801,79808844.81119405,-13.950279182818662,57.92225101916348,64.54612079311892,69.573751833867,7.25366277138594,0.08296301697347072
69.76303879191934,68.69355607874014,52.86516607664038,79291031.70881039,-12.109130664415979,60.73886656500182,64.15011272609074,,,0.2490911283119631
60.86517102430259,54.90416731620189,45.71471457887643,76267522.22991435,-17.616057504984568,77.27266180107067,76.70470631309566,67.09047788078793,5.961003708100698,-0.2478027105927916
56.10294900694477,45.854659394351195,51.80777446216577,78889675.21721406,-8.714808126323625,73.81552244829626,74.681329315044,59.515108644063645,10.248289612593574,0.5553632116831483
57.334919041902324,57.96446082046434,45.11346401855225,67478274.0297679,-6.902107343948181,67.86881541286992,,57.056498714660016,-0.6295417785620145,
57.31799024729409,55.345016728708316,34.056502964037435,89575550.00536782,-35.219237157434634,69.56302056216023,67.59410350086117,62.486615512629854,1.9729735185857749,-1.8361498536851923
50.95094618256993,55.547647855540994,51.8408506610661,65236582.23506501,-9.220065353320685,62.503965627466556,62.5250455884086,40.03356001852073,-4.596701672971065,0.509773500683643
49.09991744674334,,,62615282.11379719,-1.6367264419059637,53.58515573067349,52.90937688100408,52.86301562490371,3.102137778347007,1.194023444890203
71.14005309215877,74.04168190020708,,84201368.20138353,,73.86286257443135,73.53905492018617,71.0856388884602,-2.901628808048315,-0.9070909961515992
47.16687602093639,54.50537867241115,69.17899128059706,60342871.79898059,7.486262824193801,66.37477560593523,61.91224456055307,51.36107856009886,-7.338502651474755,2.0171971114303484
49.786351521526356,46.896089976979425,60.98747224798148,71077586.37397164,-15.295574023561038,63.35921648058482,60.53017691298811,,2.890261544546931,-0.03842387216236182
57.20355085534545,54.32858014060097,47.85389010639099,64047248.156303726,-11.417991564623733,67.28081314160598,67.44694105450478,60.75412557892118,2.874970714744478,0.31145308997504684
56.47613514383411,58.07774313864038,66.63036469152107,49259835.5936565,-7.378994016963347,61.69080254172521,61.5986351946901,56.88238567991357,-1.6016079948062725,0.6758946478325036
62.622410748323794,62.49290890082378,50.49866802853877,86747660.12949719,-19.102149723644366,72.58372582229897,67.63284286719528,62.081766917186904,0.12950184750001625,-0.38189384506301255
62.47420406616962,52.723238847565185,40.6635601093565,69521913.11712064,-23.72338539365976,71.83006881051895,75.97565762141971,63.863664071500565,9.750965218604435,-0.7988711536485116
65.99157422245992,66.06619793258932,46.45545675406274,86872156.63442083,-12.102066383123095,57.889016997006564,60.211018415261584,61.69730542623876,-0.07462371012940139,0.24972854332624383
136.50089740286836,70.04382241119913,60.95222649676073,65603171.72222308,1.440455481596814,62.57478208676814,60.92691871851234,69.55208287492366,-4.472756445089999,1.471679710034946
52.98159335710423,62.65693364879105,36.8572794083225,90294796.57721691,-43.348231377072395,68.2160151410388,65.51642534438675,52.73842641101193,-9.675340291686823,-2.569634655857236
55.15046014208217,61.756101492398464,37.23167129969822,83012594.08680238,-28.372720159912184,64.99598127123099,67.08524799706548,61.79760934473885,-6.605641350316297,-1.2183838632304635
69.78411158969746,64.57489766551367,57.660566946112425,56073094.937971935,1.2565052978174407,60.383391268805816,,70.55649609743504,5.209213924183786,1.4550817570147583
72.7818398458564,,35.816301617900436,71935826.0121821,-10.693613109854113,66.87446737387597,76.21076133305712,78.64612418856846,24.834611005817976,0.37681426175578675
49.77978802864064,61.05036740221327,60.38268920053605,58977490.68355143,-3.4826825124757548,71.56339247797408,65.6993364727995,48.73831449350814,-11.27057937357263,1.027461544776009
74.95713122874038,45.73154070876323,37.300542085201,91017236.15766259,-16.088658152728698,69.07414616968097,74.83387040144888,85.30358230980781,29.225590519977153,-0.10998440472899101
56.26736472248421,55.91279155326049,58.63854874476523,62965923.48223813,-15.954981516115424,68.28385083484456,70.11466994481873,59.44176820882367,0.35457316922371973,-0.09792266883496792
72.39474549817112,59.56981931990944,41.15479720876554,77741585.84674603,-23.75222476105668,73.62623458531773,77.00412288060497,76.11346386276199,12.824926178261677,-0.8014733498265818
60.88006010472312,80.20171418910415,44.00771740299096,75974927.07877387,-26.38360103254316,67.40196675711155,64.16880604245874,55.490559902160655,-19.32165408438103,-1.0389042609310404
52.516010263853424,53.45294582293193,39.65263961025509,76879735.11188179,-30.268421888476993,70.3205082266954,68.60187428402206,49.69705600522781,-0.9369355590785062,-1.3894343486637675
64.32443194149023,56.722537767386854,45.59983977178464,74186580.83913665,-2.964058714164665,64.25851884875559,65.54543927157398,,7.6018941741033785,1.07425733080166
63.13255181359929,,42.29910605094278,81239553.28603466,,69.26394359803831,70.4899516225291,65.63101171794386,-7.387340673120576,-1.2552630137796759
67.18091711234518,63.65386806458592,54.023968079392645,67780287.53038304,-28.987727327740238,70.19245852248912,73.04844596668897,70.05666591127996,3.527049047759263,-1.273876387722485
73.59409501834594,61.54957016937838,62.059817459198484,65968705.177812934,2.844488704249514,62.06204806885821,69.57804689732697,81.33864370128823,12.044524848967562,1.5983666042232263
55.47714201669044,56.4160938005959,71.70174305009819,53096647.01010578,4.9407595139652685,64.03076657257468,62.355116882963486,55.79572659552008,-0.9389517839054591,1.787514577345036
58.96570533828083,60.95494658654569,53.3510531063678,,-10.527800837135558,134.40711476097863,68.87998513249019,63.38620428568221,-1.989241248264861,0.391775618445998
57.75684395450062,56.638182381760835,53.94061739568258,75961847.32313374,-25.51149682662159,63.59407696602233,61.21044772744658,58.588103346855554,1.1186615727397822,-0.960213691880261
67.68158109460947,55.95708982642587,48.979277605706606,83283044.94828914,-21.241679528088376,72.19675301246455,75.27464531708226,68.55345617048464,11.724491268183598,-0.5749451073658828
59.08066256408841,53.5629476755769,29.6570907902785,91387272.71730705,-32.24824063769705,46.09895079255731,53.86384207996046,61.2502868302161,5.517714888511513,-1.568074771374375
69.9244803609302,61.38286289866266,50.14613478098158,75673273.26785007,4.8371623728480415,52.97314262950555,61.56061459712381,73.92103427041565,8.541617462267546,1.7781669352499794
63.43993685107951,62.14657928690587,,70872613.27744785,-20.27255635230297,66.96554882472012,69.3377805678625,66.8250498501789,1.2933575641736397,-0.4875004491873736
52.31171954373532,56.98559214073825,32.17275478418932,96338678.59260255,-42.972876784811326,57.35066478294325,56.275008578673244,49.88900224036665,-4.6738725970029265,-2.5357661499375395
69.30711773633503,69.85736981408704,51.75938198543289,68303352.89509158,-3.577345275339077,63.56819917070525,68.11897249392251,70.2280901727458,-0.5502520777520061,1.0189200578446826
68.74434192070387,62.46253685615171,55.630384868820926,70615279.24125193,-7.51991566080094,63.60866061692022,67.0128899017087,66.14360385737895,6.281805064552167,0.6631791898977111
61.89837105254291,70.72412623544088,50.209197638215166,81621253.99159727,-22.993671965187005,50.387514507529445,57.968693113209724,58.43856172244095,-8.825755182897964,-0.7330286034800513
69.88561718518851,71.39732731172894,51.813329086472734,80790942.77659713,-16.020416332554348,65.33007337331759,66.82272601451186,66.4204122882419,-1.5117101265404358,-0.10382689783231691
72.34675678190337,74.45117697644105,56.125142363741546,76426704.22267103,-21.193651818299372,56.022977115657696,66.8639783005771,,-2.1044201945376813,-0.5706115337082386
55.115935158190695,58.50699006493763,46.14784497529142,77547185.53626354,-25.305403191693216,58.770092442411766,64.74815655234951,55.99206462870212,-3.3910549067469375,-0.941617719862078
59.336899955288935,70.82510851622867,53.99018825457969,67071440.71969998,-2.4880844065959025,134.40711476097863,68.40425922742848,54.74591753082991,-11.488208560939732,1.1172048236148122
73.47150146427944,49.50733704171639,52.677633831934095,65691830.48285455,-12.070660553976381,58.95043409471975,70.8799253871649,80.25600199571603,23.96416442256305,0.252562313132978
63.346436803516475,60.89486710154185,47.4928218727053,71966461.28733094,-4.271623089569687,54.15680417916451,60.33650342235851,60.287261808719535,2.451569701974627,0.9562748877948422
67.28727373182991,45.7770826335256,47.99932788084903,73139658.92051281,-15.297443125784874,53.73533085813356,62.621925331348415,73.44944825533734,21.51019109830431,-0.03859252255598341
66.48338023701862,60.387664942162814,69.29967737736622,51296282.28574903,3.7391907055690297,60.90744763643437,64.66356129998091,62.51574810416334,6.0957152948558075,1.6790961880695807
68.92895122491755,73.114910780629,63.97700759284563,57573491.56239759,3.731446758732652,65.79498167685662,69.92337043892074,69.30237793338446,-4.185959555711449,1.6783974463606015
50.67295241332428,39.05099821293942,41.69294337461503,72648459.97714807,-28.068261531067648,70.66527410393823,67.52458227603195,51.169453868680016,11.621954200384863,
70.97577005549338,59.25098019802749,67.10872069902881,55194821.5290313,-0.4428342712178477,67.39153675454389,75.37787702116809,79.0705067239902,11.724789857465893,1.3017491658061353
64.2504621054453,58.923645009192235,49.86187841104845,66430622.991879314,,64.40992915064504,66.29028594665412,,5.326817096253059,-0.36781926803499543
58.004900927049675,63.39005338066947,44.1203912784124,90449298.28460208,-25.90842591085378,53.88407055251833,57.52045866118556,54.78950334314232,-5.385152453619796,-0.9960288792156202
60.19130303064548,57.14044364605433,54.97676061793192,74524995.45955041,,71.54472164032184,68.16096323178587,58.09341250324266,3.050859384591149,-0.22789720361073326
65.96065602282474,54.17757508921367,35.77183148382932,84354685.82767259,-32.737102210117996,57.44702446772533,63.93000783572574,73.09592760161023,11.783080933611068,
136.50089740286836,64.74988886826591,50.570590481738506,65298451.82119177,-4.469487684654972,61.7639818464252,69.17073050284174,68.84067668562633,4.406666948031997,0.9384214277650171
69.54472447032502,63.77478239791519,31.616723154620665,,96.5001565565682,62.07726090884677,68.1851644995279,70.40720708833378,5.769942072409833,-1.4989213343402419
61.723073393346745,72.13532970098333,43.24821012764559,76579294.88921593,-25.54911602773864,59.714005187362616,59.888844047306215,56.424742626823154,-10.41225630763659,-0.9636080985612933
51.435699621755404,56.491599839415194,52.272945343384976,67509949.88808957,-8.937399277731338,75.3766359857193,69.31109089855742,51.06233367164283,-5.05590021765979,0.5352786572789738
74.61325857465073,60.44079268969301,43.68750318167062,,-10.974501100330443,58.75528099750535,68.56890683539527,82.82279436081086,14.172465884957717,0.3514695430168657
65.73031296869861,58.47598948150708,45.529851839359836,82348880.02876584,-20.794090981414655,74.1605145820976,77.2964442912595,74.71376602091374,7.2543234871915345,-0.5345588815006519
55.411906895986576,52.10844370826273,35.663099526934175,84049524.74768756,-30.067570268059605,77.13469207614436,71.22569062381537,56.6891898440758,3.3034631877238425,-1.3713113672607435
59.59143085068923,66.99241249438532,61.783709531887254,61710206.740815274,2.0596698641312017,134.40711476097863,66.6561422848505,56.04091329975943,-7.400981643696092,1.5275518544360471
61.21970945710676,,46.012267105699394,75240959.70841432,96.5001565565682,,64.24882579279638,52.61811776501455,-13.258689930956749,-0.14441995902097013
56.31434862118003,61.55569519080589,,86206030.48392896,-3.956700807783861,61.558635748012136,61.0306988202916,57.39606024049596,,0.9846905443095466
58.98162964390263,54.34841762517558,47.184239977623434,78358979.88238375,-17.774628351370083,58.471304230226984,63.518228272578874,61.62609971863445,4.6332120187270505,-0.26211066834854413
56.266660031591535,50.01973902307943,33.15519650479883,83157399.92123078,-16.369572872367264,62.10181434222227,62.24500564702102,59.269906106180336,6.246921008512103,-0.13533153525881084
58.57438158249391,59.06122434700252,56.540285087339825,62817675.79301837,-5.58398694624411,67.34709822195576,69.24069519297214,69.19456744301367,,0.8378593842550359
60.045253953188706,61.89918241298108,58.24033981781264,62736846.90418464,-1.3962888204105752,60.93444087394535,61.980932799688915,64.44076401028833,-1.853928459792371,1.2157182987026491
45.95591967460618,48.88563732373147,52.73295225715111,72933727.5858599,-7.847361054079798,74.36748374402524,65.1819251907455,46.51175699935187,-2.929717649125294,0.6336335643231376
69.72751583676818,73.22879044708519,38.357811421453775,96360587.88089971,-47.97378412447625,58.758155266068734,63.34750105051637,68.52046689917518,-3.5012746103170116,-2.987001497338033
66.53187328627398,45.060577217802695,63.240392339036234,67238910.86359057,-3.9817140872594905,59.27446671281344,65.06306135593942,,21.471296068471283,0.9824335787056674
56.84111624657706,51.620268264933635,35.14506235475768,82071606.60740136,-33.27327453153376,61.81354419035287,63.108355507614924,56.445231372534856,5.2208479816434235,-1.6605642925286856
51.65967971173582,52.02101265319211,43.06338929689522,79626485.6043897,-26.661931107572862,66.93111765653754,67.89467204350024,47.04396030213065,-0.3613329414562898,-1.064018177180176
72.66751906503376,67.1580938354996,63.65595378049963,58718233.37418412,0.24018300513546365,69.16171611468911,71.67737751029392,67.56145360844842,,1.3633782896915771
57.15789548331134,57.45156423208749,54.22485855277869,72404779.53356394,-21.534746204439372,71.52166136492002,63.89988042410071,56.52328698593274,,-0.6013887174015788
67.10613773065002,57.8128130181215,34.45117593766244,83891559.50705221,-28.782943642507433,67.55301132036035,70.6657818486623,73.48913714605352,9.293324712528516,-1.2553986133764061
64.04830636383456,47.2055447433581,49.03171418014399,67645276.90920205,-5.341589727707742,57.903021974774575,65.31067309287033,73.95002798550217,16.84276162047646,0.859731053871394
65.13301656956043,53.83566774233501,53.01128287869224,63171432.68634534,-20.23517396345789,53.16841436642224,62.543721883288896,66.52757205579752,11.297348827225413,-0.48412741024234474
63.74481237167219,62.80673540963531,36.920410666656494,89362761.07689762,-25.823046248025634,72.9521355185017,73.77374209149735,59.3065176057511,0.938076962036881,-0.9883250128568852
66.42422093538883,64.71940250121037,42.68614128838885,,-30.611739008830718,59.38483705593606,64.60088535440306,67.39558431590355,1.7048184341784633,-1.4204120912111287
,57.59438644599178,57.20125144701704,63181615.043182485,-5.871191951891241,79.04519145467181,75.20849808457018,67.31652247915021,10.195691988485443,0.811944676843755
59.37421061308713,54.94507907430582,38.146964435532865,83259436.7951663,-26.041172631291758,62.89047472414033,63.286201078955614,59.6972053363085,4.429131538781306,-1.0080067081263877
60.55290394717061,61.46262631215275,46.02504346552984,82854924.02625272,-18.33349273659489,66.83141694831802,65.6146988399141,60.08335766867663,,-0.31253739051884055
57.557141502041574,55.360770150705896,56.388851096939476,67231699.65265003,-3.792368210386556,,65.98316163816693,50.0387910409522,2.196371351335678,0.999518388866404
56.73419547441885,61.25265572569021,51.20026252922423,70235002.38797572,-8.15993171587835,64.38383841789603,63.895437812842076,59.18648012929979,-4.518460251271364,
63.971031250047425,,58.04989735691666,65581435.718396194,-8.199256367386475,66.55851323092514,65.71449188790257,60.488281128175835,-0.4467415469734206,0.6018818054594783
136.50089740286836,70.17608495508487,50.87888811384897,79474230.78088225,96.5001565565682,64.09267375736574,72.10139104867,72.53131111601868,0.01109572896476152,-1.0087663856403992
136.50089740286836,52.263296840868044,34.915924273342924,89105797.2489569,-30.558499049480076,56.42496361800401,62.62390993049957,67.29820832454293,,-1.4156082126504066
64.18589732706099,54.24255900581023,43.79144480466694,84793971.3139908,-15.273386054070826,64.55642488423214,68.54363298634075,70.4211180192087,9.943338321250756,-0.03642183624347637
60.00615899222977,58.893523471125384,40.71696976802092,87372446.62436026,-21.13175775449789,59.262726232357686,56.29694779096173,56.75553248223371,1.1126355211043872,-0.5650267892839675
,56.34547553206267,28.51332518187132,90112445.9332722,-32.517620682147765,68.6850003543661,69.11662055770003,63.355243243157275,3.4055027289166375,-1.5923811201396019
56.53740404535293,47.980478906457506,49.78289660768695,71455827.8616495,-14.653926726787674,66.09027032961917,66.41066331417386,62.84568031130772,8.556925138895423,0.0194724096926657
63.69537657738814,67.74559987419067,54.70559237950196,61428533.18390901,-15.163090516366445,59.798314080370695,62.766196776181204,60.701394442955404,,-0.026469793165610545
52.177580083170575,69.20354321590918,61.42210129866852,65333657.668643296,-5.841899907496185,72.90355173074498,66.96196010919267,51.1168092686963,-17.025963132738603,0.814587718382205
58.96992207339377,57.61227399478532,45.59234724827928,73858511.19821174,-29.173350492130254,68.49602843228764,66.28195064569482,60.31053207802636,1.3576480786084488,-1.2906252949467327
60.8243772578663,60.78258454113557,52.95619062491963,84154846.81300752,-13.447599363302032,134.40711476097863,61.680275060141675,66.72375828239528,0.04179271673073259,0.12832016670342383
55.94577349804151,57.8927525579585,41.16093474559659,79775358.1472897,-23.57558719001618,63.897364053834345,65.0358372133481,48.30219732404889,-1.9469790599169912,-0.7855352189397615
69.03936849635724,55.84103187824422,56.161446078167415,73343544.04297332,-12.598658291595804,61.20679096995688,67.57980819961426,69.92164606300265,13.198336618113018,0.20492071004393975
52.63321299311242,50.26771629602217,57.329522297489426,68689969.79862967,-19.3570350305391,66.93691266333214,62.553677097416,49.45056771390005,2.3654966970902507,-0.4048923235774402
49.803640689946974,45.494091919258096,56.72832332385907,74255672.74568461,-14.828376756194594,57.87362163906621,59.34253400885877,49.566060396208876,,0.0037316622088836736
66.16317058660626,,53.527753362388836,77923822.74696425,-22.687178223717837,56.486738066866295,62.72255672099193,69.67443059206549,8.214279749388822,-0.7053734600201879
64.35562761438331,65.40054645539949,44.79781310399983,76365444.9029608,-19.8980933548714,63.755245655476166,69.26767360604806,,-1.0449188410161838,-0.45371239248924916
64.12303278266158,38.248969026741534,58.09747849830689,69257783.13329081,-0.8914627874285088,63.6931297323998,67.3157212701607,70.9559497956043,25.874063755920048,1.261269102766285
56.35867550833471,56.69926625923366,60.9077037126644,68447689.6608249,-13.849810048890326,64.25515117151589,66.66842864896635,56.15264499665512,-0.3405907508989472,0.09202841680433756
63.44324052579284,65.84578213126062,50.10848139883373,,-10.221637082590433,60.88526865913511,64.76570288300006,,-2.402541605467782,0.41940098695619826
54.36494436354596,54.80805113810448,38.04721796568322,85998886.17634559,-22.449078042040334,67.98222961772825,67.02389935714451,56.38981459437387,-0.44310677455852243,-0.6838895150282043
63.968839731344126,50.18683513124147,53.710281397788265,80631392.41202651,-18.563651855369606,54.18366947650475,62.9183589093415,63.452890702039774,13.782004600102653,-0.3333048078820782
61.14954267251486,57.35552979112818,42.98362418188781,85315198.01633231,-25.39198079352191,63.907225081645535,68.43739921074064,61.04851052358196,3.794012881386685,-0.9494296770900017
62.06179176893466,58.364679946742186,75.85820797895516,60265688.379309684,3.636344479053051,62.861458572331514,62.99373968685532,58.98963800661145,3.6971118221924755,1.6698163015212575
43.36746617444617,43.26522242208563,51.18248203280942,55207766.41063771,-4.095308787116224,58.12792653822851,56.4766911052747,46.55678721381158,0.10224375236054328,0.97218384993222
61.386054106910706,53.8256474618201,65.45227354784001,,6.2969266519334255,54.5817612017792,59.24557952707463,65.2415242005217,7.560406645090609,1.9098824814212585
55.895519358417,51.31153236096571,32.77146833090866,85925962.8444441,-15.133890622671942,61.52885663614621,63.336354040390155,,4.583986997451291,-0.023835066448962446
74.04803946600995,66.01191702667002,53.624344131931764,67471149.51758033,-19.146823666882156,75.97779680351857,,77.3829830067451,8.036122439339934,-0.3859248060321883
62.490229681540185,58.088479290432126,44.85268676608734,79464775.58604753,-29.814940644071697,61.617803779773375,65.90977799468529,60.5838225385174,4.4017503911080595,-1.3485164205838318
64.33396207940991,53.89934540647114,50.345176423990466,72171767.06215474,-13.336475188218436,72.52138834574113,74.10355077101852,72.48031113952418,10.434616672938773,0.1383469783083354
67.58245559638497,60.34145918019261,48.32086319027226,72189546.74720459,0.23040934217247866,56.44758436472783,63.01700155737631,69.09884665298469,7.240996416192367,1.362496405284822
58.86229069886025,66.31335065097994,48.47177456515667,70387697.81586272,-10.677906764379323,71.78465225477086,71.0420883731617,53.37490752360216,-7.451059952119692,0.3782314562317764
54.25335334068955,58.22012943646368,59.3155675386946,62755457.08133644,-4.948673359176922,61.41050422683063,58.90532911441053,52.377386099640006,-3.9667760957741294,0.8951841710781656
72.637928360612,62.08007715912597,50.66082704940631,74537899.72865434,-19.91263408488701,,69.71019601247752,67.58634825426392,10.557851201486024,-0.4550244126716688
63.35725316400503,67.02956702320306,46.48946814042317,67493802.17396453,96.5001565565682,57.898008343512345,62.50511310276006,64.5415507992559,-3.6723138591980273,0.11204708958329242
57.11176700461069,48.870655481125375,52.01088023449814,78771065.81781556,-26.24792713989641,62.19908767640243,65.79268447063819,61.032999889280234,8.241111523485316,-1.0266623112360205
67.02318408046348,69.06848824472686,55.05882319752189,72954022.56614429,-10.058341200921753,57.264427122077294,65.03529532939585,66.3947751755048,-2.045304164263385,0.43413528793182365
66.11759280510248,57.09791240299042,55.63625892050722,68285797.77238917,-23.359157474175078,59.928536529445445,64.01837222075841,72.08827508490519,9.019680402112058,-0.766006615152055
63.89000125284372,47.83432078044847,27.05986342657886,90533040.55515954,-24.067541756764136,55.78257523766244,60.67929758844189,,16.055680472395245,-0.8299246216529594
65.73850697743492,56.223999650382204,42.36232342659157,70809351.49927047,-19.259604461708186,60.8893548876701,65.42767823094337,62.99846217427315,9.51450732705272,-0.39610109558864254
62.38903970406037,59.03572970494982,30.355317866575085,89005728.43783242,-34.76362016877809,67.51662190520346,68.11977798406676,61.38897776938588,3.35330999911055,-1.7950392159160515
65.1742260330951,69.3945637373957,57.65652015782677,56540119.27691746,-1.5401584661010617,59.445823576540604,64.31040874401053,61.53331169906265,-4.220337704300604,1.202736840510328
66.54938366759384,55.286941044592375,53.92572034817168,64096979.45174717,-8.295317862122573,60.36083494211813,64.43872801370479,71.5278625539824,11.26244262300147,0.5932141099784503
52.10714701407305,56.539740155665186,55.14973120520608,,-18.643665868933475,56.68234786746676,60.26974420613156,48.861597574364595,-4.432593141592136,-0.34052452797587607
136.50089740286836,65.26770281143543,49.095090912538055,69685773.84454015,,61.93166061872919,68.67455796819996,61.19900133505256,-6.211921359226196,-0.09059808862339896
62.18392258519505,62.27469566543425,48.73661940263012,82732599.28583153,96.5001565565682,58.2755083544094,,60.799286527901764,-0.09077308023920239,0.09386961396040357
61.31898033350417,58.07216242481691,57.84187571489194,69011036.52237627,-14.697980865178906,61.2724310825541,65.13089172992578,,3.2468179086872624,0.015497374145870536
58.640684021152715,63.12119192716144,38.096603692961054,85143023.27244934,-28.750305142009168,69.58879187373908,65.57906107945762,60.218031757284315,-4.480507906008725,-1.2524536187762956
67.53080610195593,70.57035288717675,40.43918308821489,75807570.92762263,-12.014817432400605,134.40711476097863,69.32604654704951,,-3.0395467852208213,0.25760107683177946
65.12848309504584,66.39147123708233,48.78713680585937,71562054.43435594,-18.189057142285925,74.20102446346371,76.36197155697819,64.61669389150771,-1.262988142036491,-0.2995048663890554
54.68378752652457,,43.67840299732892,80232807.27163851,-19.521331528798804,71.37333866667025,68.48576633282741,60.923646108152,-5.321303535882336,-0.41971691088400453
64.98960229917327,47.200026294856634,46.69402176438801,76615824.28157575,-25.613693818211907,75.85383390812794,79.90596981609721,67.86189474619785,17.789576004316636,-0.9694349975096974
72.77540576935596,55.714102924817944,61.9761601200115,66471939.40555475,-3.3744113898408443,49.95668110120198,61.863019882792024,86.2723228471179,17.061302844538012,1.037230923474171
62.022095638754145,,42.7939514581536,67895206.79638298,96.5001565565682,60.9231729779879,61.09867747818604,58.98338896807531,-5.42112002963848,-1.1629491473855393
70.30436439874522,65.7888885610556,43.15720954546657,74513473.09331836,-13.586315666089256,66.73916166846519,71.49496990052707,67.7961218284013,4.515475837689621,0.11580369822542587
54.9606893391491,57.75000202052365,40.112351223256354,77580917.12716319,-14.325691167615382,68.83072355725946,65.23071452616865,58.38055503696015,-2.789312681374554,0.049089332485366
55.32511951574645,65.74515490618244,52.13044112084343,64364293.25066552,-8.415872872687629,48.23600190729624,51.624828992913656,54.06352988693763,-10.420035390435984,
63.65098007129778,54.41005261231234,62.39522812840683,56822338.98773802,-10.610108595567546,79.49720803800584,74.78898177617003,66.14774077494025,9.240927458985439,0.3843489321574449
136.50089740286836,56.154140917909146,58.83571741423242,61367683.201304905,,54.20337085293043,58.42583279970777,57.56461809964018,5.983688320096384,0.5326501306936172
68.06431031050764,56.07097175613,43.12764256762259,87878635.8944075,-23.548261240568074,54.92171836221691,62.08328863334847,65.46818897217415,11.993338554377637,-0.7830695795157985
62.04005592180861,60.41795886574993,30.55989662808448,94089602.75601794,-34.154562283206076,65.31101137166019,67.93417770249454,69.37034179057846,1.6220970560586778,-1.740083499299732
136.50089740286836,63.29320318419341,63.18085458789132,57248454.68301982,-2.9940229353674823,134.40711476097863,70.73713767541138,71.0649122616316,4.245892189282749,1.0715536382823452
70.01025216616105,65.02063981638403,31.64261395787944,85656729.66707155,-44.131917590686996,78.62999025757881,81.97738958460687,75.71725976437084,4.989612349777019,-2.6403472079672405
57.56644890912093,57.40987078594299,52.70831514793929,70643052.74173373,-11.520478647876253,71.704746082537,69.07159659997664,52.06566867355784,0.15657812317793685,0.30220560917317046
57.91996433827172,64.01560417091099,44.775371068500874,82164534.29647961,-7.227451859989117,67.88026884035582,64.41088785144154,55.63668069558646,-6.095639832639272,0.6895684020542062
64.05254970149352,49.53560973987893,47.50413549417519,,-27.236789653487136,72.56139521194393,71.33564946169498,76.0329591237456,14.51693996161459,-1.1158880635934583
65.45372964595747,79.29525865644717,39.2509315801032,77794526.46168453,-19.22239987709075,57.761280499579904,,68.48878212713551,-13.841529010489708,-0.39274410004273747
52.89482653128658,61.38427617116523,64.78601089632613,56107146.54940696,0.7892932519770639,64.3902917183851,63.76253589140807,46.822558801408334,-8.48944963987865,1.4129248891715311
68.33451116778276,,38.01487873183295,86370092.60821044,-18.048342779855084,49.733560864757806,54.99862279719844,66.36699614191032,4.363403593431535,
57.49526832788328,,39.405007516616365,78054102.22705142,-15.994823287592766,64.8553217011313,63.8487441829434,,-2.842979414147223,-0.10151761958541192
60.68326408821157,52.78593801851577,49.503581989071996,75164940.28507078,-17.188410940924847,67.41631354418723,67.09552782268217,62.26569780464655,7.897326069695801,-0.20921586368851663
71.92357999473653,55.10275623375461,69.6685107935268,52713879.06155885,-7.311262613151946,53.17652972798205,61.57586468757748,77.14139861786995,16.820823760981916,0.6820060995057531
63.34504701963287,56.38167971216628,63.743453274151435,59149172.87611395,-5.362685148785609,66.29268113603861,69.14248346885384,,6.963367307466591,0.8578275993556244
61.02472733949449,67.75338994070282,44.96618972661316,82620821.72862762,-28.77883938458273,72.46879579923801,68.45724680880808,56.680205342785385,-6.7286626012083275,-1.2550282833293396
62.60112465660504,61.531089694360226,66.66891270623643,56669837.572570495,2.9948988653808826,,72.23334200201681,62.18043253417019,1.0700349622448115,1.6119382176727217
57.88944025728152,55.38184175597855,54.01682230805237,75644094.85238792,-13.365757998736946,61.82562060967041,64.35922060031339,61.34631675468955,2.5075985013029722,
,58.722087526365996,54.028413873715145,65939403.10233266,-2.406157905725692,74.16588738760358,76.4451167809543,71.08087259553155,5.695298009027624,1.1245971087684006
54.61459603126161,48.918596132383506,42.69595020000193,78497777.85847756,-19.349962023238845,,68.09727221929063,49.477316115325685,5.695999898878107,-0.40425412120944526
53.18400881105838,65.78171187262048,45.97555895679709,79486468.03661923,,44.20512496293527,48.847320918473265,58.74905120394408,-12.597703061562093,-0.1976511989935177
74.57726729492917,69.51990850506687,71.0259562787865,55981402.19385245,15.045910227248427,66.81757594569265,72.79074114958122,73.95301254086718,5.057358789862306,2.6993093543600786
55.7238733017069,61.3280619770443,48.06612963671242,84779930.60859378,-23.3249675284463,66.04675001119718,,51.57444612245842,-5.604188675337397,-0.7629216325697618
72.98079644716957,49.334265597697055,43.42463748017048,95353457.92686884,-34.32216881150802,66.69469585268979,72.46456676536697,75.24305789214623,23.646530849472512,-1.7552067529191415
136.50089740286836,60.86229517956575,50.498395073138916,60523664.86479485,-8.337078722424451,67.57169784897569,72.53992789837805,76.16281794761792,12.760571228402853,0.5894459985086377
72.86275039400991,60.44642175662728,42.551894393162556,83651020.31764689,-21.58723811378185,134.40711476097863,78.1436252942957,81.63677042043781,12.416328637382627,-0.606125098889794
60.10287123600906,64.34983473152634,59.13431630855824,64512645.29376935,-13.520089650093482,,53.28587177012617,53.769648938441314,-4.246963495517285,0.1217793177090706
136.50089740286836,50.461714429601145,58.963673630572956,68131062.3986856,-5.005096411652225,66.21493449119224,66.35270156106178,64.99209323291065,8.612548584559278,0.8900930798109565
56.698936699339065,53.05329981053813,50.42095119066866,89590992.32028484,-14.241779478535513,79.58601438703646,75.49270531839895,59.27394384859517,,0.05666074255181485
